Y,X,OBJECTID,ADE,GF,BSG,RS,AGS,SDV_RS,GEN,BEZ,IBZ,BEM,NBD,SN_L,SN_R,SN_K,SN_V1,SN_V2,SN_G,FK_S3,NUTS,RS_0,AGS_0,WSK,EWZ,KFL,DEBKG_ID,Shape_Length,Shape_Area
54.7851543293153,9.43826229387093,1,4,4,1,01001,01001,10010000000,Flensburg,Kreisfreie Stadt,40,--,ja,1,0,1,0,0,0,R,DEF01,10010000000,1001000,2008-01-01T00:00:00,89504,56.73,DEBKGDL1000055UK,39574.1773927193,49268738.5115108
54.3251205881868,10.1319704901089,2,4,4,1,01002,01002,10020000000,Kiel,Kreisfreie Stadt,40,--,ja,1,0,2,0,0,0,R,DEF02,10020000000,1002000,2006-01-01T00:00:00,247548,118.65,DEBKGDL1000055TK,96170.7488143102,113192592.585762
53.8727072279074,10.7276345005161,3,4,4,1,01003,01003,10030000000,Lübeck,Kreisfreie Stadt,40,--,ja,1,0,3,0,0,0,R,DEF03,10030000000,1003000,2006-02-01T00:00:00,217198,214.19,DEBKGDL1000055W1,130358.036668406,211137728.880703
54.0812848488011,9.98414053902103,4,4,4,1,01004,01004,10040000000,Neumünster,Kreisfreie Stadt,40,--,ja,1,0,4,0,0,0,R,DEF04,10040000000,1004000,1970-04-26T00:00:00,79487,71.66,DEBKGDL10000560Q,47909.3175822339,71607572.6940864
54.1337609551388,9.1072785000968,5,4,4,1,01051,01051,10510044044,Dithmarschen,Kreis,42,--,ja,1,0,51,0,0,0,R,DEF05,10510000000,1051000,2011-08-01T00:00:00,133210,1428.18,DEBKGDL10000563M,240131.411776155,1426833657.7076
53.5891648602826,10.601767778286,6,4,4,1,01053,01053,10530100100,Herzogtum Lauenburg,Kreis,42,--,ja,1,0,53,0,0,0,R,DEF06,10530000000,1053000,2009-01-01T00:00:00,197264,1263.07,DEBKGDL10000561X,235885.029403819,1263824073.74886
54.6157049266692,8.8940780318242,7,4,4,1,01054,01054,10540056056,Nordfriesland,Kreis,42,--,ja,1,0,54,0,0,0,R,DEF07,10540000000,1054000,2016-01-01T00:00:00,165507,2083.53,DEBKGDL10000564R,617818.034209987,2099906146.28948
54.1891553082366,10.8179562048108,8,4,4,1,01055,01055,10550012012,Ostholstein,Kreis,42,--,ja,1,0,55,0,0,0,R,DEF08,10550000000,1055000,2010-01-01T00:00:00,200581,1393,DEBKGDL1000055XO,334752.075953414,1391401469.42607
53.7177117332702,9.73798979294859,9,4,4,1,01056,01056,10560039039,Pinneberg,Kreis,42,--,ja,1,0,56,0,0,0,R,DEF09,10560000000,1056000,2009-01-01T00:00:00,314391,664.27,DEBKGDL1000055VG,166526.052437696,637967907.034657
54.2432884118399,10.3634448040647,10,4,4,1,01057,01057,10570057057,Plön,Kreis,42,--,ja,1,0,57,0,0,0,R,DEF0A,10570000000,1057000,2009-01-01T00:00:00,128647,1083.56,DEBKGDL1000055UX,213420.514971615,1082048276.99506
54.2893319939169,9.78125368753998,11,4,4,1,01058,01058,10580135135,Rendsburg-Eckernförde,Kreis,42,--,ja,1,0,58,0,0,0,R,DEF0B,10580000000,1058000,2014-02-01T00:00:00,272775,2189.78,DEBKGDL1000055TR,343513.471279408,2166697662.3481
54.6233369026167,9.50333162588031,12,4,4,1,01059,01059,10590075075,Schleswig-Flensburg,Kreis,42,--,ja,1,0,59,0,0,0,R,DEF0C,10590000000,1059000,2016-01-01T00:00:00,200025,2071.33,DEBKGDL10000560V,411669.465603063,1990977313.34963
53.920045621574,10.1403898758291,13,4,4,1,01060,01060,10600005005,Segeberg,Kreis,42,--,ja,1,0,60,0,0,0,R,DEF0D,10600000000,1060000,2010-01-01T00:00:00,276032,1344.47,DEBKGDL1000055VI,262783.778387288,1343411825.67757
53.9287041703916,9.51896483071764,14,4,4,1,01061,01061,10610046046,Steinburg,Kreis,42,--,ja,1,0,61,0,0,0,R,DEF0E,10610000000,1061000,2009-01-01T00:00:00,131347,1055.71,DEBKGDL1000055TQ,192909.178753395,1018560267.32776
53.7208234863956,10.3314693310881,15,4,4,1,01062,01062,10620004004,Stormarn,Kreis,42,--,ja,1,0,62,0,0,0,R,DEF0F,10620000000,1062000,2010-01-01T00:00:00,243196,766.22,DEBKGDL1000055VJ,236543.617630874,766092142.794413
53.5475416520931,10.0160763727536,16,4,4,1,02000,02000,20000000000,Hamburg,Kreisfreie Stadt,40,--,ja,2,0,0,0,0,0,R,DE600,20000000000,2000000,1974-01-01T00:00:00,1841179,755.09,DEBKGDL10000561S,237984.043505942,740117294.260192
52.2757718410258,10.5239692470688,17,4,4,1,03101,03101,31010000000,Braunschweig,Kreisfreie Stadt,40,--,ja,3,1,1,0,0,0,K,DE911,31010000000,3101000,1974-03-01T00:00:00,248292,192.7,DEBKGDL1000055XP,89628.1214873507,192476660.719095
52.124748145862,10.3709604146623,18,4,4,1,03102,03102,31020000000,Salzgitter,Kreisfreie Stadt,40,--,ja,3,1,2,0,0,0,K,DE912,31020000000,3102000,1974-03-01T00:00:00,104948,224.49,DEBKGDL1000055XA,101594.272754452,225769849.467439
52.4107805683234,10.7842855904714,19,4,4,1,03103,03103,31030000000,Wolfsburg,Kreisfreie Stadt,40,--,ja,3,1,3,0,0,0,K,DE913,31030000000,3103000,1972-07-01T00:00:00,124151,204.61,DEBKGDL100005628,84380.7638069873,204695564.70999
52.580020377834,10.6038232715586,20,4,4,1,03151,03151,31510009009,Gifhorn,Landkreis,43,--,ja,3,1,51,0,0,0,K,DE914,31510000000,3151000,2009-01-01T00:00:00,175920,1567.45,DEBKGDL1000055WT,261250.194641772,1565367965.76967
51.8745373596701,10.4004302601834,21,4,4,1,03153,03153,31530017017,Goslar,Landkreis,43,--,ja,3,1,53,0,0,0,K,DE916,31530000000,3153000,2014-01-01T00:00:00,137014,966.73,DEBKGDL1000055X9,218925.561863863,969180592.87843
52.2607843251647,10.8884863397411,22,4,4,1,03154,03154,31540028028,Helmstedt,Landkreis,43,--,ja,3,1,54,0,0,0,K,DE917,31540000000,3154000,2017-07-01T00:00:00,91307,676.12,DEBKGDL100005629,218111.058226678,675048312.150835
51.7424496965725,9.84738587101077,23,4,4,1,03155,03155,31550011011,Northeim,Landkreis,43,--,ja,3,1,55,0,0,0,K,DE918,31550000000,3155000,2009-01-01T00:00:00,132765,1268.76,DEBKGDL100005651,211723.004747692,1269799448.32507
52.3042926621165,10.2550260512329,24,4,4,1,03157,03157,31570006006,Peine,Landkreis,43,--,ja,3,1,57,0,0,0,K,DE91A,31570000000,3157000,2009-01-01T00:00:00,133965,536.5,DEBKGDL1000055VS,141886.661681198,534027024.991835
52.1271914106671,10.5837773180421,25,4,4,1,03158,03158,31580037037,Wolfenbüttel,Landkreis,43,--,ja,3,1,58,0,0,0,K,DE91B,31580000000,3158000,2009-01-01T00:00:00,119960,724.28,DEBKGDL1000055XB,201238.411964023,723077514.795035
51.5640218665525,10.0868742397489,26,4,4,1,03159,03159,31590016016,Göttingen,Landkreis,43,--,ja,3,1,59,0,0,0,K,DE91C,31590000000,3159000,2016-11-01T00:00:00,328074,1755.39,DEBKGDL100005603,357113.5956961,1752502977.8034
52.4218363966543,9.71972106581678,27,4,4,1,03241,03241,32410001001,Region Hannover,Landkreis,45,Sonderverband,nein,3,2,41,0,0,0,K,DE929,32410000000,3241000,2009-01-01T00:00:00,1157624,2297.13,DEBKGDL1000055WL,353116.275022658,2295190999.54413
52.7281080721694,8.70106967694998,28,4,4,1,03251,03251,32510012012,Diepholz,Landkreis,43,--,ja,3,2,51,0,0,0,K,DE922,32510000000,3251000,2009-01-01T00:00:00,216886,1990.99,DEBKGDL100005650,289744.944961704,1989305805.25591
52.0950575999628,9.38971683242158,29,4,4,1,03252,03252,32520006006,Hameln-Pyrmont,Landkreis,43,--,ja,3,2,52,0,0,0,K,DE923,32520000000,3252000,2009-01-01T00:00:00,148559,797.53,DEBKGDL100005621,190478.673552931,798699655.256881
52.0902391912919,9.94350247767307,30,4,4,1,03254,03254,32540021021,Hildesheim,Landkreis,43,--,ja,3,2,54,0,0,0,K,DE925,32540000000,3254000,2009-01-01T00:00:00,276594,1208.35,DEBKGDL1000055TV,226180.868888911,1208259061.03462
51.8807246567265,9.55124588408954,31,4,4,1,03255,03255,32550023023,Holzminden,Landkreis,43,--,ja,3,2,55,0,0,0,K,DE926,32550000000,3255000,2009-01-01T00:00:00,70975,694.27,DEBKGDL100005631,180849.411888908,692928022.845523
52.6089890805373,9.11378501827553,32,4,4,1,03256,03256,32560022022,Nienburg (Weser),Landkreis,43,--,ja,3,2,56,0,0,0,K,DE927,32560000000,3256000,2009-01-01T00:00:00,121386,1400.82,DEBKGDL1000055VT,301648.762505837,1400324561.3998
52.2926777302671,9.20595969609379,33,4,4,1,03257,03257,32570035035,Schaumburg,Landkreis,43,--,ja,3,2,57,0,0,0,K,DE928,32570000000,3257000,2009-01-01T00:00:00,157781,675.66,DEBKGDL1000055TO,190910.422007982,676712210.405515
52.7129744262594,10.1035972170679,34,4,4,1,03351,03351,33510006006,Celle,Landkreis,43,--,ja,3,3,51,0,0,0,K,DE931,33510000000,3351000,2009-01-01T00:00:00,178936,1550.82,DEBKGDL10000563V,232184.692620782,1548116915.25967
53.616217444431,8.81174353745161,35,4,4,1,03352,03352,33520011011,Cuxhaven,Landkreis,43,--,ja,3,3,52,0,0,0,K,DE932,33520000000,3352000,2010-01-01T00:00:00,198213,2058.96,DEBKGDL1000055VH,293698.338050384,2061520083.01236
53.3157086183657,9.96285834464561,36,4,4,1,03353,03353,33530040040,Harburg,Landkreis,43,--,ja,3,3,53,0,0,0,K,DE933,33530000000,3353000,2009-01-01T00:00:00,252776,1248.45,DEBKGDL10000564Z,238385.957185487,1248751382.74728
53.0200764523682,11.1231842088801,37,4,4,1,03354,03354,33545407018,Lüchow-Dannenberg,Landkreis,43,--,ja,3,3,54,0,0,0,K,DE934,33540000000,3354000,2009-01-01T00:00:00,48424,1227.19,DEBKGDL1000055XV,221047.877819972,1227778336.4849
53.2327953465547,10.573157253125,38,4,4,1,03355,03355,33550022022,Lüneburg,Landkreis,43,--,ja,3,3,55,0,0,0,K,DE935,33550000000,3355000,2014-11-01T00:00:00,183372,1327.81,DEBKGDL1000055TW,297670.5443181,1326576829.8761
53.250974272472,8.80868527840015,39,4,4,1,03356,03356,33560007007,Osterholz,Landkreis,43,--,ja,3,3,56,0,0,0,K,DE936,33560000000,3356000,2009-01-01T00:00:00,113517,652.67,DEBKGDL1000055WR,166170.46671717,651250345.174186
53.2504327340145,9.30744501252584,40,4,4,1,03357,03357,33570039039,Rotenburg (Wümme),Landkreis,43,--,ja,3,3,57,0,0,0,K,DE937,33570000000,3357000,2009-01-01T00:00:00,163455,2074.78,DEBKGDL1000055WS,328912.606765983,2071599174.82823
52.9280254360533,9.76900900910355,41,4,4,1,03358,03358,33580008008,Heidekreis,Landkreis,43,--,nein,3,3,58,0,0,0,K,DE938,33580000000,3358000,2011-08-01T00:00:00,139755,1881.46,DEBKGDL10000563X,342768.855242016,1881703556.35191
53.5784852436037,9.41926208716102,42,4,4,1,03359,03359,33590038038,Stade,Landkreis,43,--,ja,3,3,59,0,0,0,K,DE939,33590000000,3359000,2009-01-01T00:00:00,203102,1267.4,DEBKGDL1000055W6,281752.762476953,1208500086.90433
52.983321474157,10.5477367198851,43,4,4,1,03360,03360,33600025025,Uelzen,Landkreis,43,--,ja,3,3,60,0,0,0,K,DE93A,33600000000,3360000,2009-01-01T00:00:00,92572,1462.6,DEBKGDL1000055WV,210703.735740197,1461744800.27381
52.9732584945594,9.17566532495467,44,4,4,1,03361,03361,33610012012,Verden,Landkreis,43,--,ja,3,3,61,0,0,0,K,DE93B,33610000000,3361000,2009-01-01T00:00:00,136792,789.34,DEBKGDL1000055WX,212380.58256552,789266129.524675
53.04932969561,8.6454431045071,45,4,4,1,03401,03401,34010000000,Delmenhorst,Kreisfreie Stadt,40,--,ja,3,4,1,0,0,0,K,DE941,34010000000,3401000,1974-03-01T00:00:00,77607,62.45,DEBKGDL10000565G,43305.4603921613,63404045.5288603
53.3610648106887,7.17971385195397,46,4,4,1,03402,03402,34020000000,Emden,Kreisfreie Stadt,40,--,ja,3,4,2,0,0,0,K,DE942,34020000000,3402000,2004-12-31T00:00:00,50195,112.34,DEBKGDL10000564L,63180.9954073351,114131050.032833
53.1446117567999,8.2247154756797,47,4,4,1,03403,03403,34030000000,Oldenburg (Oldb),Kreisfreie Stadt,40,--,ja,3,4,3,0,0,0,K,DE943,34030000000,3403000,2001-11-13T00:00:00,168210,103.09,DEBKGDL1000055X3,47653.0278467119,104133419.103492
52.2777995851081,8.04652490456212,48,4,4,1,03404,03404,34040000000,Osnabrück,Kreisfreie Stadt,40,--,ja,3,4,4,0,0,0,K,DE944,34040000000,3404000,1972-07-01T00:00:00,164748,119.8,DEBKGDL10000561U,63978.713685155,119676005.532378
53.56648129904,8.08747288605813,49,4,4,1,03405,03405,34050000000,Wilhelmshaven,Kreisfreie Stadt,40,--,ja,3,4,5,0,0,0,K,DE945,34050000000,3405000,2005-04-23T00:00:00,76278,107.07,DEBKGDL1000055X6,52953.8390189596,108204192.290639
53.2181991683609,8.01315160042895,50,4,4,1,03451,03451,34510007007,Ammerland,Landkreis,43,--,ja,3,4,51,0,0,0,K,DE946,34510000000,3451000,2009-01-01T00:00:00,124071,730.64,DEBKGDL1000055X5,146179.456253362,731079288.480272
53.4977815320683,7.36858874581648,51,4,4,1,03452,03452,34520001001,Aurich,Landkreis,43,--,ja,3,4,52,0,0,0,K,DE947,34520000000,3452000,2009-01-01T00:00:00,189848,1287.34,DEBKGDL1000055XX,341577.340536969,1294619499.45647
52.910501866891,7.90523655913215,52,4,4,1,03453,03453,34530004004,Cloppenburg,Landkreis,43,--,ja,3,4,53,0,0,0,K,DE948,34530000000,3453000,2009-01-01T00:00:00,169348,1420.35,DEBKGDL10000565H,215652.109811825,1419058680.29805
52.7376161460453,7.40256998756637,53,4,4,1,03454,03454,34540035035,Emsland,Landkreis,43,--,ja,3,4,54,0,0,0,K,DE949,34540000000,3454000,2009-01-01T00:00:00,325657,2883.64,DEBKGDL10000564H,291328.251358009,2885154783.48387
53.5093464399386,7.9826858872529,54,4,4,1,03455,03455,34550007007,Friesland,Landkreis,43,--,ja,3,4,55,0,0,0,K,DE94A,34550000000,3455000,2009-01-01T00:00:00,98460,609.54,DEBKGDL1000055X7,191771.36100949,618307336.718174
52.4760418687527,7.02017482441133,55,4,4,1,03456,03456,34560015015,Grafschaft Bentheim,Landkreis,43,--,ja,3,4,56,0,0,0,K,DE94B,34560000000,3456000,2009-01-01T00:00:00,136511,981.81,DEBKGDL1000055VK,188676.378985003,982510862.003072
53.2417297588972,7.47727747229242,56,4,4,1,03457,03457,34570013013,Leer,Landkreis,43,--,ja,3,4,57,0,0,0,K,DE94C,34570000000,3457000,2009-01-01T00:00:00,169809,1085.7,DEBKGDL100005642,215641.097861135,1065075270.36396
52.9878919240748,8.38951743959308,57,4,4,1,03458,03458,34580014014,Oldenburg,Landkreis,43,--,ja,3,4,58,0,0,0,K,DE94D,34580000000,3458000,2009-01-01T00:00:00,130144,1064.83,DEBKGDL1000055X0,186931.638707178,1061755530.58837
52.3811554951304,8.04600465065915,58,4,4,1,03459,03459,34040000000,Osnabrück,Landkreis,43,--,ja,3,4,59,0,0,0,K,DE94E,34590000000,3459000,1998-04-01T00:00:00,357343,2121.8,DEBKGDL10000565I,349715.302951407,2118333122.90302
52.6600415728714,8.22269514712868,59,4,4,1,03460,03460,34600009009,Vechta,Landkreis,43,--,ja,3,4,60,0,0,0,K,DE94F,34600000000,3460000,2009-01-01T00:00:00,141598,814.2,DEBKGDL1000055WW,169612.154030009,812855921.204906
53.3556546993492,8.39024317382185,60,4,4,1,03461,03461,34610002002,Wesermarsch,Landkreis,43,--,ja,3,4,61,0,0,0,K,DE94G,34610000000,3461000,2009-01-01T00:00:00,88624,824.76,DEBKGDL1000055WU,194860.621422955,828421083.763064
53.5760958174682,7.70595768140359,61,4,4,1,03462,03462,34620019019,Wittmund,Landkreis,43,--,ja,3,4,62,0,0,0,K,DE94H,34620000000,3462000,2009-01-01T00:00:00,56882,656.84,DEBKGDL1000055X8,220349.604364178,661445866.784861
53.119673154341,8.78030060537097,62,4,4,1,04011,04011,40110000000,Bremen,Kreisfreie Stadt,40,--,ja,4,0,11,0,0,0,R,DE501,40110000000,4011000,2002-01-01T00:00:00,569352,317.83,DEBKGDL1000055WZ,139845.817544975,326400329.057603
53.5390370753214,8.58723490522003,63,4,4,1,04012,04012,40120000000,Bremerhaven,Kreisfreie Stadt,40,--,ja,4,0,12,0,0,0,R,DE502,40120000000,4012000,2010-01-01T00:00:00,113634,101.53,DEBKGDL10000565F,63883.1017348712,75740170.0393104
51.2348843689409,6.81089621626622,64,4,4,1,05111,05111,51110000000,Düsseldorf,Kreisfreie Stadt,40,--,ja,5,1,11,0,0,0,R,DEA11,51110000000,5111000,1980-01-01T00:00:00,619294,217.41,DEBKGDL100005646,104243.180831211,218878540.906522
51.4394519862156,6.73502655271906,65,4,4,1,05112,05112,51120000000,Duisburg,Kreisfreie Stadt,40,--,ja,5,1,12,0,0,0,R,DEA12,51120000000,5112000,1975-01-01T00:00:00,498590,232.8,DEBKGDL1000055XE,94585.6160402799,232742774.853016
51.4340130380819,7.01720936142053,66,4,4,1,05113,05113,51130000000,Essen,Kreisfreie Stadt,40,--,ja,5,1,13,0,0,0,R,DEA13,51130000000,5113000,2006-10-01T00:00:00,583109,210.34,DEBKGDL1000055YR,78086.9652731096,210554186.355985
51.345458393714,6.57996185467421,67,4,4,1,05114,05114,51140000000,Krefeld,Kreisfreie Stadt,40,--,ja,5,1,14,0,0,0,R,DEA14,51140000000,5114000,2001-02-01T00:00:00,227020,137.77,DEBKGDL1000055XF,61106.2273414168,136246656.032155
51.1668956538825,6.4123066212509,68,4,4,1,05116,05116,51160000000,Mönchengladbach,Kreisfreie Stadt,40,--,ja,5,1,16,0,0,0,R,DEA15,51160000000,5116000,1995-07-01T00:00:00,261454,170.47,DEBKGDL100005652,81284.9752908909,170971763.853818
51.413549094552,6.87906570574915,69,4,4,1,05117,05117,51170000000,Mülheim an der Ruhr,Kreisfreie Stadt,40,--,ja,5,1,17,0,0,0,R,DEA16,51170000000,5117000,1975-01-01T00:00:00,170880,91.28,DEBKGDL1000055VU,45416.612230265,91481535.2661221
51.5132537932626,6.8469602459034,70,4,4,1,05119,05119,51190000000,Oberhausen,Kreisfreie Stadt,40,--,ja,5,1,19,0,0,0,R,DEA17,51190000000,5119000,2006-10-01T00:00:00,210829,77.09,DEBKGDL1000055UZ,46881.9509175326,76465913.335515
51.1827466167441,7.22412874382831,71,4,4,1,05120,05120,51200000000,Remscheid,Kreisfreie Stadt,40,--,ja,5,1,20,0,0,0,R,DEA18,51200000000,5120000,1975-01-01T00:00:00,110994,74.52,DEBKGDL10000562D,44391.5210646543,73591095.5855089
51.1623891149459,7.06622356198401,72,4,4,1,05122,05122,51220000000,Solingen,Kreisfreie Stadt,40,--,ja,5,1,22,0,0,0,R,DEA19,51220000000,5122000,1975-01-01T00:00:00,159360,89.54,DEBKGDL10000561G,56881.9496592814,88924506.4592128
51.2506014353955,7.16902412161345,73,4,4,1,05124,05124,51240000000,Wuppertal,Kreisfreie Stadt,40,--,ja,5,1,24,0,0,0,R,DEA1A,51240000000,5124000,1975-01-01T00:00:00,354382,168.39,DEBKGDL100005657,82878.7489066856,167903780.686548
51.6520698198903,6.25909771129904,74,4,4,1,05154,05154,51540036036,Kleve,Kreis,42,--,ja,5,1,54,0,0,0,R,DEA1B,51540000000,5154000,2009-01-01T00:00:00,310974,1232.99,DEBKGDL1000055Y5,261549.250516012,1233311493.94237
51.2565658462993,6.96914620847744,75,4,4,1,05158,05158,51580024024,Mettmann,Kreis,42,--,ja,5,1,58,0,0,0,R,DEA1C,51580000000,5158000,2009-01-01T00:00:00,485684,407.21,DEBKGDL100005645,162881.100100904,408524721.847493
51.1435787995452,6.64910051630108,76,4,4,1,05162,05162,51620024024,Rhein-Kreis Neuss,Kreis,42,--,nein,5,1,62,0,0,0,R,DEA1D,51620000000,5162000,2009-01-01T00:00:00,451007,576.28,DEBKGDL1000055XG,164431.029939921,574989092.715751
51.2826621813064,6.32591678855439,77,4,4,1,05166,05166,51660032032,Viersen,Kreis,42,--,ja,5,1,66,0,0,0,R,DEA1E,51660000000,5166000,2009-01-01T00:00:00,298935,563.27,DEBKGDL1000055ZZ,143305.406222045,564556714.021218
51.6269065050343,6.61812638282332,78,4,4,1,05170,05170,51700048048,Wesel,Kreis,42,--,ja,5,1,70,0,0,0,R,DEA1F,51700000000,5170000,2009-01-01T00:00:00,459809,1042.81,DEBKGDL1000055Y3,227511.96662607,1044948483.78006
50.7055572304598,7.11000054003396,79,4,4,1,05314,05314,53140000000,Bonn,Kreisfreie Stadt,40,--,ja,5,3,14,0,0,0,R,DEA22,53140000000,5314000,1969-08-01T00:00:00,327258,141.06,DEBKGDL100005609,63759.9631627861,141357505.92088
50.9456225508769,6.97367885277804,80,4,4,1,05315,05315,53150000000,Köln,Kreisfreie Stadt,40,--,ja,5,3,15,0,0,0,R,DEA23,53150000000,5315000,1976-06-01T00:00:00,1085664,405.01,DEBKGDL1000055ZB,117036.187708227,405650387.664447
51.0525256910586,7.01567495108092,81,4,4,1,05316,05316,53160000000,Leverkusen,Kreisfreie Stadt,40,--,ja,5,3,16,0,0,0,R,DEA24,53160000000,5316000,1975-01-01T00:00:00,163838,78.87,DEBKGDL10000560P,48122.496613454,78172593.4932307
50.7280375194058,6.21706073701097,82,4,4,1,05334,05334,53340002002,Städteregion Aachen,Kreis,46,Sonderverband,nein,5,3,34,0,0,0,R,DEA2D,53340000000,5334000,2009-10-21T00:00:00,555465,706.92,DEBKGDL100005IVO,258897.609164402,706896705.659301
50.8178530837009,6.44594345700845,83,4,4,1,05358,05358,53580008008,Düren,Kreis,42,--,ja,5,3,58,0,0,0,R,DEA26,53580000000,5358000,2009-01-01T00:00:00,263722,941.49,DEBKGDL1000055YF,227168.988396415,940684477.993975
50.9047951592654,6.71727718090475,84,4,4,1,05362,05362,53620008008,Rhein-Erft-Kreis,Kreis,42,--,nein,5,3,62,0,0,0,R,DEA27,53620000000,5362000,2009-01-01T00:00:00,470089,704.7,DEBKGDL1000055YD,185665.748071985,704230584.42969
50.5359467914283,6.64341265565235,85,4,4,1,05366,05366,53660016016,Euskirchen,Kreis,42,--,ja,5,3,66,0,0,0,R,DEA28,53660000000,5366000,2009-01-01T00:00:00,192840,1248.72,DEBKGDL10000564U,277814.534447368,1252892386.34021
51.0494110688887,6.16375779327522,86,4,4,1,05370,05370,53700016016,Heinsberg,Kreis,42,--,ja,5,3,70,0,0,0,R,DEA29,53700000000,5370000,2009-01-01T00:00:00,254322,627.92,DEBKGDL1000055U2,156572.380357051,626180308.622022
51.0126150091304,7.51695880345649,87,4,4,1,05374,05374,53740012012,Oberbergischer Kreis,Kreis,42,--,nein,5,3,74,0,0,0,R,DEA2A,53740000000,5374000,2009-01-01T00:00:00,272471,918.84,DEBKGDL100005640,204854.485137727,918890067.928375
51.0229216068153,7.19501504153059,88,4,4,1,05378,05378,53780004004,Rheinisch-Bergischer Kreis,Kreis,42,--,nein,5,3,78,0,0,0,R,DEA2B,53780000000,5378000,2009-01-01T00:00:00,283455,437.32,DEBKGDL10000561R,156054.404396175,437911030.308224
50.7606220885154,7.23432359654095,89,4,4,1,05382,05382,53820060060,Rhein-Sieg-Kreis,Kreis,42,--,nein,5,3,82,0,0,0,R,DEA2C,53820000000,5382000,2009-01-01T00:00:00,599780,1153.21,DEBKGDL10000564T,302357.185106956,1150518003.09707
51.5715567170476,6.91983760952635,90,4,4,1,05512,05512,55120000000,Bottrop,Kreisfreie Stadt,40,--,ja,5,5,12,0,0,0,R,DEA31,55120000000,5512000,1976-07-01T00:00:00,117383,100.61,DEBKGDL10000561I,55764.8176481995,100174663.646273
51.5540207800344,7.0711245699758,91,4,4,1,05513,05513,55130000000,Gelsenkirchen,Kreisfreie Stadt,40,--,ja,5,5,13,0,0,0,R,DEA32,55130000000,5513000,2002-11-01T00:00:00,260654,104.94,DEBKGDL100005602,54420.9483552155,104980162.506098
51.9543736391968,7.62349738523068,92,4,4,1,05515,05515,55150000000,Münster,Kreisfreie Stadt,40,--,ja,5,5,15,0,0,0,R,DEA33,55150000000,5515000,1975-01-01T00:00:00,314319,303.28,DEBKGDL1000055ZV,96517.022857572,303024909.882367
51.961309322381,6.89892376687743,93,4,4,1,05554,05554,55540012012,Borken,Kreis,42,--,ja,5,5,54,0,0,0,R,DEA34,55540000000,5554000,2009-01-01T00:00:00,370676,1420.95,DEBKGDL1000055X4,260898.929051222,1420759455.46002
51.8668188177459,7.3660055062488,94,4,4,1,05558,05558,55580012012,Coesfeld,Kreis,42,--,ja,5,5,58,0,0,0,R,DEA35,55580000000,5558000,2009-01-01T00:00:00,219929,1112.04,DEBKGDL1000055Y1,206093.631192073,1112033947.81101
51.6724598557826,7.1592968109573,95,4,4,1,05562,05562,55620032032,Recklinghausen,Kreis,42,--,ja,5,5,62,0,0,0,R,DEA36,55620000000,5562000,2009-01-01T00:00:00,615261,761.32,DEBKGDL100005613,185033.144200945,761636630.004591
52.2114700314029,7.57909006597971,96,4,4,1,05566,05566,55660084084,Steinfurt,Kreis,42,--,ja,5,5,66,0,0,0,R,DEA37,55660000000,5566000,2009-01-01T00:00:00,447614,1795.76,DEBKGDL10000564I,238208.695287944,1794657857.82693
51.8701273990069,7.95841523430216,97,4,4,1,05570,05570,55700052052,Warendorf,Kreis,42,--,ja,5,5,70,0,0,0,R,DEA38,55700000000,5570000,2009-01-01T00:00:00,277783,1319.42,DEBKGDL100005614,223845.465405669,1319045606.82652
52.0109065683748,8.540669433409,98,4,4,1,05711,05711,57110000000,Bielefeld,Kreisfreie Stadt,40,--,ja,5,7,11,0,0,0,R,DEA41,57110000000,5711000,1973-01-01T00:00:00,333786,258.83,DEBKGDL100005619,91062.3016534768,258653464.580861
51.9316111829191,8.35172573459957,99,4,4,1,05754,05754,57540008008,Gütersloh,Kreis,42,--,ja,5,7,54,0,0,0,R,DEA42,57540000000,5754000,2009-01-01T00:00:00,364083,969.21,DEBKGDL10000564A,196743.650693572,968041702.292591
52.167435313817,8.6433121185724,100,4,4,1,05758,05758,57580012012,Herford,Kreis,42,--,ja,5,7,58,0,0,0,R,DEA43,57580000000,5758000,2009-01-01T00:00:00,250783,450.41,DEBKGDL100005618,142750.209880162,451091079.747173
51.6847413998683,9.17780077133167,101,4,4,1,05762,05762,57620020020,Höxter,Kreis,42,--,ja,5,7,62,0,0,0,R,DEA44,57620000000,5762000,2009-01-01T00:00:00,140667,1201.42,DEBKGDL100005635,208159.640901761,1199535112.39037
51.981291136211,8.95074047555504,102,4,4,1,05766,05766,57660020020,Lippe,Kreis,42,--,ja,5,7,66,0,0,0,R,DEA45,57660000000,5766000,2009-01-01T00:00:00,348391,1246.19,DEBKGDL100005634,226154.880098972,1242804041.70536
52.3524091347844,8.73923657787998,103,4,4,1,05770,05770,57700024024,Minden-Lübbecke,Kreis,42,--,ja,5,7,70,0,0,0,R,DEA46,57700000000,5770000,2009-01-01T00:00:00,310710,1152.42,DEBKGDL100005617,245793.02283332,1150691239.27187
51.6640986596812,8.71975007425264,104,4,4,1,05774,05774,57740032032,Paderborn,Kreis,42,--,ja,5,7,74,0,0,0,R,DEA47,57740000000,5774000,2009-01-01T00:00:00,306890,1246.78,DEBKGDL1000055ZJ,199362.476685852,1245361582.60794
51.4698264109499,7.22498560728173,105,4,4,1,05911,05911,59110000000,Bochum,Kreisfreie Stadt,40,--,ja,5,9,11,0,0,0,R,DEA51,59110000000,5911000,1975-01-01T00:00:00,364628,145.66,DEBKGDL1000055YN,60479.9083684453,144418530.565065
51.5159099556113,7.47401945658742,106,4,4,1,05913,05913,59130000000,Dortmund,Kreisfreie Stadt,40,--,ja,5,9,13,0,0,0,R,DEA52,59130000000,5913000,1975-01-01T00:00:00,587010,280.71,DEBKGDL1000055YM,91991.4045259814,279254436.157909
51.3482822678089,7.49756202082697,107,4,4,1,05914,05914,59140000000,Hagen,Kreisfreie Stadt,40,--,ja,5,9,14,0,0,0,R,DEA53,59140000000,5914000,1999-02-01T00:00:00,188814,160.45,DEBKGDL1000055YO,78238.0562569826,160957960.157092
51.665209495012,7.82344969172542,108,4,4,1,05915,05915,59150000000,Hamm,Kreisfreie Stadt,40,--,ja,5,9,15,0,0,0,R,DEA54,59150000000,5915000,2003-03-01T00:00:00,179111,226.43,DEBKGDL100005616,86687.8364874076,227595277.280244
51.5374076300112,7.20826649022061,109,4,4,1,05916,05916,59160000000,Herne,Kreisfreie Stadt,40,--,ja,5,9,16,0,0,0,R,DEA55,59160000000,5916000,2002-11-01T00:00:00,156374,51.42,DEBKGDL1000055Y0,37011.8452307746,51751993.1069054
51.3464909534703,7.32375635406399,110,4,4,1,05954,05954,59540024024,Ennepe-Ruhr-Kreis,Kreis,42,--,nein,5,9,54,0,0,0,R,DEA56,59540000000,5954000,2009-01-01T00:00:00,324296,409.62,DEBKGDL100005627,155149.71105462,409344891.196721
51.3069028744996,8.38473028705757,111,4,4,1,05958,05958,59580032032,Hochsauerlandkreis,Kreis,42,--,nein,5,9,58,0,0,0,R,DEA57,59580000000,5958000,2009-11-01T00:00:00,260475,1960.15,DEBKGDL1000055ZN,336610.640760869,1958910595.46226
51.2624147144046,7.71274204905066,112,4,4,1,05962,05962,59620032032,Märkischer Kreis,Kreis,42,--,nein,5,9,62,0,0,0,R,DEA58,59620000000,5962000,2009-01-01T00:00:00,412120,1061.06,DEBKGDL100005626,189221.843972839,1058792826.77032
51.0861232434849,7.9762826891939,113,4,4,1,05966,05966,59660024024,Olpe,Kreis,42,--,ja,5,9,66,0,0,0,R,DEA59,59660000000,5966000,2009-01-01T00:00:00,134775,712.14,DEBKGDL1000055ZT,175740.649253684,711951603.075444
50.937667566043,8.19480989142005,114,4,4,1,05970,05970,59700040040,Siegen-Wittgenstein,Kreis,42,--,ja,5,9,70,0,0,0,R,DEA5A,59700000000,5970000,2009-01-01T00:00:00,278210,1132.89,DEBKGDL1000055ZL,211449.880683362,1132533774.27879
51.5645723983294,8.21763349317602,115,4,4,1,05974,05974,59740040040,Soest,Kreis,42,--,ja,5,9,74,0,0,0,R,DEA5B,59740000000,5974000,2009-01-01T00:00:00,301902,1328.63,DEBKGDL10000564B,211466.415545522,1328853946.16309
51.5781866905172,7.63663366702215,116,4,4,1,05978,05978,59780036036,Unna,Kreis,42,--,ja,5,9,78,0,0,0,R,DEA5C,59780000000,5978000,2009-01-01T00:00:00,394782,543.21,DEBKGDL100005615,190531.580926435,543879767.614391
49.8819956226836,8.66507641882527,117,4,4,1,06411,06411,64110000000,Darmstadt,Kreisfreie Stadt,40,--,ja,6,4,11,0,0,0,R,DE711,64110000000,6411000,1977-01-01T00:00:00,159207,122.07,DEBKGDL1000055VQ,60321.0186279765,122080816.330923
50.1183572547813,8.64449700928033,118,4,4,1,06412,06412,64120000000,Frankfurt am Main,Kreisfreie Stadt,40,--,ja,6,4,12,0,0,0,R,DE712,64120000000,6412000,1977-01-01T00:00:00,753056,248.31,DEBKGDL1000055VB,102545.091586512,248806358.183308
50.0907564139807,8.78080684380079,119,4,4,1,06413,06413,64130000000,Offenbach am Main,Kreisfreie Stadt,40,--,ja,6,4,13,0,0,0,R,DE713,64130000000,6413000,1977-01-01T00:00:00,128744,44.88,DEBKGDL1000055Z5,39288.6468670187,45085647.6331149
50.0792445884854,8.26088591226125,120,4,4,1,06414,06414,64140000000,Wiesbaden,Kreisfreie Stadt,40,--,ja,6,4,14,0,0,0,R,DE714,64140000000,6414000,1977-01-01T00:00:00,278342,203.87,DEBKGDL1000055VF,72236.0195705574,203680882.184044
49.617057595446,8.66128672472509,121,4,4,1,06431,06431,64310011011,Bergstraße,Landkreis,43,--,ja,6,4,31,0,0,0,R,DE715,64310000000,6431000,2009-01-01T00:00:00,269694,719.48,DEBKGDL1000055UW,220319.828604733,718730484.762327
49.8556432695246,8.7947772904321,122,4,4,1,06432,06432,64110000000,Darmstadt-Dieburg,Landkreis,43,--,ja,6,4,32,0,0,0,R,DE716,64320000000,6432000,1977-01-01T00:00:00,297399,658.61,DEBKGDL10000563T,205557.644950095,658813455.799513
49.9044928077048,8.47058573113088,123,4,4,1,06433,06433,64330006006,Groß-Gerau,Landkreis,43,--,ja,6,4,33,0,0,0,R,DE717,64330000000,6433000,2009-01-01T00:00:00,274526,453.03,DEBKGDL1000055VP,136975.881551303,452713774.046801
50.2817463126804,8.50484531333962,124,4,4,1,06434,06434,64340001001,Hochtaunuskreis,Landkreis,43,--,nein,6,4,34,0,0,0,R,DE718,64340000000,6434000,2009-01-01T00:00:00,236564,481.84,DEBKGDL1000055VD,139309.09812919,480799233.338852
50.2439034115561,9.28550701539554,125,4,4,1,06435,06435,64350010010,Main-Kinzig-Kreis,Landkreis,43,--,nein,6,4,35,0,0,0,R,DE719,64350000000,6435000,2011-07-01T00:00:00,418950,1397.33,DEBKGDL10000564Q,286693.959544816,1396445453.74085
50.1026551327426,8.43435621833168,126,4,4,1,06436,06436,64360007007,Main-Taunus-Kreis,Landkreis,43,--,nein,6,4,36,0,0,0,R,DE71A,64360000000,6436000,2009-01-01T00:00:00,237735,222.52,DEBKGDL1000055VE,107365.17371276,219354608.720163
49.6713016341518,8.97933251804615,127,4,4,1,06437,06437,64370006006,Odenwaldkreis,Landkreis,43,--,nein,6,4,37,0,0,0,R,DE71B,64370000000,6437000,2009-01-01T00:00:00,96798,623.99,DEBKGDL1000055Z4,169000.680235397,625160092.059771
50.0216557232141,8.81169382077895,128,4,4,1,06438,06438,64380001001,Offenbach,Landkreis,43,--,ja,6,4,38,0,0,0,R,DE71C,64380000000,6438000,2009-01-01T00:00:00,354092,356.23,DEBKGDL1000055Z6,114040.53245243,355081581.01193
50.1417798058979,8.08097230673929,129,4,4,1,06439,06439,64390002002,Rheingau-Taunus-Kreis,Landkreis,43,--,nein,6,4,39,0,0,0,R,DE71D,64390000000,6439000,2009-01-01T00:00:00,187157,811.42,DEBKGDL1000055Z9,192041.551449245,811734565.429216
50.3548985853788,8.90816929888207,130,4,4,1,06440,06440,64400008008,Wetteraukreis,Landkreis,43,--,nein,6,4,40,0,0,0,R,DE71E,64400000000,6440000,2009-01-01T00:00:00,306460,1100.69,DEBKGDL1000055VC,246821.984419977,1098726305.41861
50.5703301034819,8.80738994541917,131,4,4,1,06531,06531,65310005005,Gießen,Landkreis,43,--,ja,6,5,31,0,0,0,R,DE721,65310000000,6531000,2009-01-01T00:00:00,268876,854.56,DEBKGDL1000055VA,205090.911159924,857303850.304689
50.6480764221292,8.36550486373231,132,4,4,1,06532,06532,65320023023,Lahn-Dill-Kreis,Landkreis,43,--,nein,6,5,32,0,0,0,R,DE722,65320000000,6532000,2009-01-01T00:00:00,253777,1066.3,DEBKGDL10000561N,204857.79530898,1064251556.34417
50.4272884873177,8.19926948169672,133,4,4,1,06533,06533,65330009009,Limburg-Weilburg,Landkreis,43,--,ja,6,5,33,0,0,0,R,DE723,65330000000,6533000,2009-01-01T00:00:00,172083,738.43,DEBKGDL1000055Z8,161941.02894338,739227001.795566
50.8370071348072,8.73803183222056,134,4,4,1,06534,06534,65340014014,Marburg-Biedenkopf,Landkreis,43,--,ja,6,5,34,0,0,0,R,DE724,65340000000,6534000,2009-01-01T00:00:00,246648,1262.37,DEBKGDL10000563P,204998.298763425,1260625119.50492
50.6381705449565,9.27164017603516,135,4,4,1,06535,06535,65350011011,Vogelsbergkreis,Landkreis,43,--,nein,6,5,35,0,0,0,R,DE725,65350000000,6535000,2009-01-01T00:00:00,105878,1458.9,DEBKGDL1000055ZA,265632.368799212,1456615589.1089
51.3120828898803,9.46018533996624,136,4,4,1,06611,06611,66110000000,Kassel,Kreisfreie Stadt,40,--,ja,6,6,11,0,0,0,R,DE731,66110000000,6611000,2004-12-31T00:00:00,201585,106.8,DEBKGDL10000562K,58444.3176015348,103060315.868733
50.5638031511229,9.75917815949496,137,4,4,1,06631,06631,66310009009,Fulda,Landkreis,43,--,ja,6,6,31,0,0,0,R,DE732,66310000000,6631000,2009-01-01T00:00:00,222584,1380.42,DEBKGDL10000562L,234213.86577626,1380890591.12312
50.9062276737973,9.75289843686371,138,4,4,1,06632,06632,66320002002,Hersfeld-Rotenburg,Landkreis,43,--,ja,6,6,32,0,0,0,R,DE733,66320000000,6632000,2009-01-01T00:00:00,120829,1097.75,DEBKGDL1000055ZI,219673.536710672,1097417500.17074
51.4009681411182,9.40693972218632,139,4,4,1,06633,06633,66110000000,Kassel,Landkreis,43,--,ja,6,6,33,0,0,0,R,DE734,66330000000,6633000,2015-01-01T00:00:00,236633,1293.35,DEBKGDL100005636,338900.840095659,1294943768.54582
51.0237105879573,9.37381127016168,140,4,4,1,06634,06634,66340009009,Schwalm-Eder-Kreis,Landkreis,43,--,nein,6,6,34,0,0,0,R,DE735,66340000000,6634000,2009-01-01T00:00:00,180222,1539,DEBKGDL1000055UG,243778.556514124,1536744846.15566
51.1903453552819,8.88879609411866,141,4,4,1,06635,06635,66350015015,Waldeck-Frankenberg,Landkreis,43,--,ja,6,6,35,0,0,0,R,DE736,66350000000,6635000,2009-11-01T00:00:00,156953,1848.7,DEBKGDL1000055ZM,303864.828582128,1848788989.87538
51.1906955811363,9.92958735267798,142,4,4,1,06636,06636,66360003003,Werra-Meißner-Kreis,Landkreis,43,--,nein,6,6,36,0,0,0,R,DE737,66360000000,6636000,2009-01-01T00:00:00,101017,1024.84,DEBKGDL1000055UH,254289.37240985,1023798952.54322
50.3486410382042,7.57980829273656,143,4,4,1,07111,07111,71110000000,Koblenz,Kreisfreie Stadt,40,--,ja,7,1,11,0,0,0,K,DEB11,71110000000,7111000,1970-11-07T00:00:00,114024,105.25,DEBKGDL1000055WM,56812.2302282287,106751039.207284
50.4676539952992,7.0446646499015,144,4,4,1,07131,07131,71310007007,Ahrweiler,Landkreis,43,--,ja,7,1,31,0,0,0,K,DEB12,71310000000,7131000,2009-01-01T00:00:00,129727,787.04,DEBKGDL1000055TX,185288.11350973,786341280.277277
50.7508062089723,7.74401794643315,145,4,4,1,07132,07132,71325001501,Altenkirchen (Westerwald),Landkreis,43,--,ja,7,1,32,0,0,0,K,DEB13,71320000000,7132000,2009-01-01T00:00:00,128705,642.38,DEBKGDL10000564W,215161.335250363,640896863.938328
49.8248062801528,7.68663921867621,146,4,4,1,07133,07133,71330006006,Bad Kreuznach,Landkreis,43,--,ja,7,1,33,0,0,0,K,DEB14,71330000000,7133000,2009-01-01T00:00:00,158080,863.89,DEBKGDL1000055VO,181461.231489559,863961555.219418
49.7125084457763,7.27756107672123,147,4,4,1,07134,07134,71345002010,Birkenfeld,Landkreis,43,--,ja,7,1,34,0,0,0,K,DEB15,71340000000,7134000,2009-01-01T00:00:00,80720,776.82,DEBKGDL1000055YP,161081.846484042,778075781.351686
50.1326619460376,7.17418041086663,148,4,4,1,07135,07135,71355001020,Cochem-Zell,Landkreis,43,--,ja,7,1,35,0,0,0,K,DEB1C,71350000000,7135000,2014-07-01T00:00:00,61587,692.47,DEBKGDL10000562I,165859.034905915,692640256.813172
50.3316744416838,7.33207868491304,149,4,4,1,07137,07137,71110000000,Mayen-Koblenz,Landkreis,43,--,ja,7,1,37,0,0,0,K,DEB17,71370000000,7137000,1974-03-16T00:00:00,214259,817.69,DEBKGDL10000562J,258337.325944379,817288408.397059
50.5577716936877,7.46909892562314,150,4,4,1,07138,07138,71380045045,Neuwied,Landkreis,43,--,ja,7,1,38,0,0,0,K,DEB18,71380000000,7138000,2009-01-01T00:00:00,181941,627.04,DEBKGDL10000564S,170532.390176392,627968158.508425
50.0441406266803,7.49987501109414,151,4,4,1,07140,07140,71405007144,Rhein-Hunsrück-Kreis,Landkreis,43,--,nein,7,1,40,0,0,0,K,DEB1D,71400000000,7140000,2014-07-01T00:00:00,102937,991.07,DEBKGDL1000055WP,211257.200375049,991256661.708644
50.2630273641856,7.84275597021286,152,4,4,1,07141,07141,71415001006,Rhein-Lahn-Kreis,Landkreis,43,--,nein,7,1,41,0,0,0,K,DEB1A,71410000000,7141000,2009-01-01T00:00:00,122308,782.19,DEBKGDL1000055Z7,200919.208695328,779834834.063643
50.5521433936211,7.86568870354064,153,4,4,1,07143,07143,71435004048,Westerwaldkreis,Landkreis,43,--,nein,7,1,43,0,0,0,K,DEB1B,71430000000,7143000,2009-01-01T00:00:00,201597,989.06,DEBKGDL100005611,244224.332952727,988887839.953501
49.7630564498323,6.65578268650138,154,4,4,1,07211,07211,72110000000,Trier,Kreisfreie Stadt,40,--,ja,7,2,11,0,0,0,K,DEB21,72110000000,7211000,2017-07-01T00:00:00,110636,117.06,DEBKGDL10000562T,81652.5614899582,115288205.678176
49.9245328636306,6.96745573713528,155,4,4,1,07231,07231,72310134134,Bernkastel-Wittlich,Landkreis,43,--,ja,7,2,31,0,0,0,K,DEB22,72310000000,7231000,2012-01-01T00:00:00,112262,1167.91,DEBKGDL1000055XK,197197.130709944,1165280197.34201
50.0619746831981,6.4106539177294,156,4,4,1,07232,07232,72320018018,Eifelkreis Bitburg-Prüm,Landkreis,43,--,nein,7,2,32,0,0,0,K,DEB23,72320000000,7232000,2009-01-01T00:00:00,98561,1626.94,DEBKGDL1000055UM,240446.389717419,1625870270.52418
50.2381515753205,6.74906730988732,157,4,4,1,07233,07233,72335001501,Vulkaneifel,Landkreis,43,--,ja,7,2,33,0,0,0,K,DEB24,72330000000,7233000,2009-01-01T00:00:00,60603,911.65,DEBKGDL10000564V,235722.030207095,910877590.494653
49.6966533012005,6.69508614600471,158,4,4,1,07235,07235,72110000000,Trier-Saarburg,Landkreis,43,--,ja,7,2,35,0,0,0,K,DEB25,72350000000,7235000,2017-07-01T00:00:00,148945,1102.22,DEBKGDL10000560U,306664.193797742,1105234482.81672
49.5332443135746,8.35668218735277,159,4,4,1,07311,07311,73110000000,Frankenthal (Pfalz),Kreisfreie Stadt,40,--,ja,7,3,11,0,0,0,K,DEB31,73110000000,7311000,1969-06-07T00:00:00,48561,43.88,DEBKGDL10000561C,41594.3101610165,43012408.2217241
49.4325951911263,7.76054322470173,160,4,4,1,07312,07312,73120000000,Kaiserslautern,Kreisfreie Stadt,40,--,ja,7,3,12,0,0,0,K,DEB32,73120000000,7312000,1969-06-07T00:00:00,99845,139.7,DEBKGDL1000055ZU,73441.6540189191,140188455.357833
49.2247170872439,8.04997104014151,161,4,4,1,07313,07313,73130000000,Landau in der Pfalz,Kreisfreie Stadt,40,--,ja,7,3,13,0,0,0,K,DEB33,73130000000,7313000,1972-04-22T00:00:00,46677,82.94,DEBKGDL1000055WC,81533.1080130006,83083657.1367846
49.4824971154344,8.39611345355269,162,4,4,1,07314,07314,73140000000,Ludwigshafen am Rhein,Kreisfreie Stadt,40,--,ja,7,3,14,0,0,0,K,DEB34,73140000000,7314000,1974-03-16T00:00:00,171061,77.43,DEBKGDL10000560O,49347.6588909812,79009699.5400154
49.9741327333194,8.24172605792591,163,4,4,1,07315,07315,73150000000,Mainz,Kreisfreie Stadt,40,--,ja,7,3,15,0,0,0,K,DEB35,73150000000,7315000,1969-06-07T00:00:00,217118,97.73,DEBKGDL100005600,59829.0125343676,97992974.7476024
49.3422035987714,8.15209692365941,164,4,4,1,07316,07316,73160000000,Neustadt an der Weinstraße,Kreisfreie Stadt,40,--,ja,7,3,16,0,0,0,K,DEB36,73160000000,7316000,1974-03-16T00:00:00,53148,117.09,DEBKGDL1000055ZE,70543.6969900195,116590549.220372
49.1972018967706,7.59429505104387,165,4,4,1,07317,07317,73170000000,Pirmasens,Kreisfreie Stadt,40,--,ja,7,3,17,0,0,0,K,DEB37,73170000000,7317000,1972-04-22T00:00:00,40403,61.36,DEBKGDL10000561D,47862.9772502293,60794331.9551328
49.3298150226141,8.4355525535575,166,4,4,1,07318,07318,73180000000,Speyer,Kreisfreie Stadt,40,--,ja,7,3,18,0,0,0,K,DEB38,73180000000,7318000,1968-10-01T00:00:00,50378,42.71,DEBKGDL10000563W,39246.69252669,43123794.5261661
49.6495626769117,8.32512228305715,167,4,4,1,07319,07319,73190000000,Worms,Kreisfreie Stadt,40,--,ja,7,3,19,0,0,0,K,DEB39,73190000000,7319000,1969-06-07T00:00:00,83330,108.73,DEBKGDL100005655,72611.2687873095,111284435.007133
49.248182852991,7.36500682963322,168,4,4,1,07320,07320,73200000000,Zweibrücken,Kreisfreie Stadt,40,--,ja,7,3,20,0,0,0,K,DEB3A,73200000000,7320000,1972-04-22T00:00:00,34209,70.64,DEBKGDL10000562V,55541.6118612673,70366938.7752834
49.7594644710767,8.15699411343656,169,4,4,1,07331,07331,73310003003,Alzey-Worms,Landkreis,43,--,ja,7,3,31,0,0,0,K,DEB3B,73310000000,7331000,2009-01-01T00:00:00,129244,588.08,DEBKGDL100005658,179736.812788976,587201687.474096
49.4529278445569,8.11053992947268,170,4,4,1,07332,07332,73320002002,Bad Dürkheim,Landkreis,43,--,ja,7,3,32,0,0,0,K,DEB3C,73320000000,7332000,2009-01-01T00:00:00,132660,594.61,DEBKGDL1000055Y4,184817.831623583,591600817.954545
49.6317525320136,7.91521090998527,171,4,4,1,07333,07333,73335004039,Donnersbergkreis,Landkreis,43,--,nein,7,3,33,0,0,0,K,DEB3D,73330000000,7333000,2009-01-01T00:00:00,75101,645.42,DEBKGDL100005606,148152.476865031,643686558.475503
49.115762059554,8.24653928327161,172,4,4,1,07334,07334,73340007007,Germersheim,Landkreis,43,--,ja,7,3,34,0,0,0,K,DEB3E,73340000000,7334000,2009-01-01T00:00:00,129075,463.32,DEBKGDL10000561F,131612.042565287,463782616.500376
49.4461567597798,7.68525986642328,173,4,4,1,07335,07335,73120000000,Kaiserslautern,Landkreis,43,--,ja,7,3,35,0,0,0,K,DEB3F,73350000000,7335000,1972-04-22T00:00:00,106057,639.98,DEBKGDL1000055WD,251287.295816191,642000278.542028
49.549736916478,7.47097509734341,174,4,4,1,07336,07336,73365010055,Kusel,Landkreis,43,--,ja,7,3,36,0,0,0,K,DEB3G,73360000000,7336000,2009-01-01T00:00:00,70526,573.58,DEBKGDL1000055XL,166992.043257494,572819449.559282
49.1904063323443,8.04810768112321,175,4,4,1,07337,07337,73130000000,Südliche Weinstraße,Landkreis,43,--,ja,7,3,37,0,0,0,K,DEB3H,73370000000,7337000,1978-01-01T00:00:00,110356,639.95,DEBKGDL1000055TJ,252997.78359276,641006479.326939
49.4162490853915,8.36100513875052,176,4,4,1,07338,07338,73140000000,Rhein-Pfalz-Kreis,Landkreis,43,--,nein,7,3,38,0,0,0,K,DEB3I,73380000000,7338000,2004-01-01T00:00:00,154201,305.01,DEBKGDL10000560S,176776.768807987,304797618.093752
49.9219478561977,8.0806095739526,177,4,4,1,07339,07339,73390030030,Mainz-Bingen,Landkreis,43,--,ja,7,3,39,0,0,0,K,DEB3J,73390000000,7339000,2009-01-01T00:00:00,210889,605.37,DEBKGDL10000565J,221422.527503179,606146761.015832
49.208079573072,7.65876925742983,178,4,4,1,07340,07340,73170000000,Südwestpfalz,Landkreis,43,--,ja,7,3,40,0,0,0,K,DEB3K,73400000000,7340000,1997-01-01T00:00:00,95113,953.59,DEBKGDL1000055ZF,273380.14086054,953863964.000404
48.7739416059908,9.17205019409744,179,4,4,1,08111,08111,81110000000,Stuttgart,Stadtkreis,41,--,ja,8,1,11,0,0,0,R,DE111,81110000000,8111000,1973-01-01T00:00:00,634830,207.33,DEBKGDL1000055XU,87801.2249734209,210694902.958634
48.6781342811017,8.94273093697076,180,4,4,1,08115,08115,81150003003,Böblingen,Landkreis,43,--,ja,8,1,15,0,0,0,R,DE112,81150000000,8115000,2014-04-01T00:00:00,391640,617.78,DEBKGDL1000055UB,176076.787502591,616263698.370299
48.6477052851318,9.36918767157042,181,4,4,1,08116,08116,81160019019,Esslingen,Landkreis,43,--,ja,8,1,16,0,0,0,R,DE113,81160000000,8116000,2014-04-01T00:00:00,533859,641.28,DEBKGDL1000055XT,179181.739363429,637448133.05196
48.6629799241114,9.71713970937905,182,4,4,1,08117,08117,81175005026,Göppingen,Landkreis,43,--,ja,8,1,17,0,0,0,R,DE114,81170000000,8117000,2009-01-01T00:00:00,257253,642.32,DEBKGDL10000560F,173277.061127242,642604604.939556
48.9405282177399,9.12435975573472,183,4,4,1,08118,08118,81180048048,Ludwigsburg,Landkreis,43,--,ja,8,1,18,0,0,0,R,DE115,81180000000,8118000,2009-01-01T00:00:00,543984,686.76,DEBKGDL1000055V9,196615.996957182,686493120.949051
48.8987459557322,9.50090511506204,184,4,4,1,08119,08119,81190079079,Rems-Murr-Kreis,Landkreis,43,--,nein,8,1,19,0,0,0,R,DE116,81190000000,8119000,2009-01-01T00:00:00,426158,858.09,DEBKGDL1000055VX,195393.471506007,856912245.094512
49.1531248263071,9.18212420030964,185,4,4,1,08121,08121,81210000000,Heilbronn,Stadtkreis,41,--,ja,8,1,21,0,0,0,R,DE117,81210000000,8121000,1974-04-01T00:00:00,125960,99.89,DEBKGDL1000055X1,64866.1525053965,100895968.018378
49.1771009468262,9.19065868445125,186,4,4,1,08125,08125,81210000000,Heilbronn,Landkreis,43,--,ja,8,1,25,0,0,0,R,DE118,81250000000,8125000,1974-04-01T00:00:00,343068,1099.94,DEBKGDL1000055V8,340748.690871865,1098064099.71257
49.271496170297,9.61398710359943,187,4,4,1,08126,08126,81265003046,Hohenlohekreis,Landkreis,43,--,nein,8,1,26,0,0,0,R,DE119,81260000000,8126000,2009-01-01T00:00:00,112010,776.76,DEBKGDL1000055VY,215661.797370131,775514185.113271
49.1443943393995,9.90844109262586,188,4,4,1,08127,08127,81275009076,Schwäbisch Hall,Landkreis,43,--,ja,8,1,27,0,0,0,R,DE11A,81270000000,8127000,2009-01-01T00:00:00,195861,1484.06,DEBKGDL10000562Z,308621.492324822,1481768463.3327
49.5602769525962,9.72595865311569,189,4,4,1,08128,08128,81285004115,Main-Tauber-Kreis,Landkreis,43,--,nein,8,1,28,0,0,0,R,DE11B,81280000000,8128000,2009-01-01T00:00:00,132321,1304.12,DEBKGDL1000055VV,329619.12210468,1302379028.97435
48.66228879989,10.1820710718856,190,4,4,1,08135,08135,81355002019,Heidenheim,Landkreis,43,--,ja,8,1,35,0,0,0,R,DE11C,81350000000,8135000,2009-01-01T00:00:00,132472,627.11,DEBKGDL10000561Y,206885.033706133,626504970.197829
48.8776160350565,10.0899785677861,191,4,4,1,08136,08136,81365001088,Ostalbkreis,Landkreis,43,--,nein,8,1,36,0,0,0,R,DE11D,81360000000,8136000,2009-01-01T00:00:00,314002,1511.38,DEBKGDL1000055VW,312732.441556285,1512107370.43123
48.7484541438244,8.23189604911775,192,4,4,1,08211,08211,82110000000,Baden-Baden,Stadtkreis,41,--,ja,8,2,11,0,0,0,R,DE121,82110000000,8211000,1975-01-01T00:00:00,55123,140.19,DEBKGDL100005648,86679.8967557239,140138925.062196
49.0110264961322,8.41309711082847,193,4,4,1,08212,08212,82120000000,Karlsruhe,Stadtkreis,41,--,ja,8,2,12,0,0,0,R,DE122,82120000000,8212000,1975-02-14T00:00:00,313092,173.42,DEBKGDL1000055UC,78174.6951061565,173464599.56986
49.0815837151984,8.56272262007308,194,4,4,1,08215,08215,82120000000,Karlsruhe,Landkreis,43,--,ja,8,2,15,0,0,0,R,DE123,82150000000,8215000,1975-02-14T00:00:00,444232,1085.28,DEBKGDL1000055UD,273809.802668746,1082877966.02996
48.7612642895874,8.24171848198987,195,4,4,1,08216,08216,82165005043,Rastatt,Landkreis,43,--,ja,8,2,16,0,0,0,R,DE124,82160000000,8216000,2009-01-01T00:00:00,231018,738.44,DEBKGDL100005649,278756.565023692,735165370.34295
49.4054494646104,8.69381316702579,196,4,4,1,08221,08221,82210000000,Heidelberg,Stadtkreis,41,--,ja,8,2,21,0,0,0,R,DE125,82210000000,8221000,2008-06-03T00:00:00,160355,108.83,DEBKGDL10000560G,64716.8432389383,109394375.445677
49.4991122440269,8.50078155939503,197,4,4,1,08222,08222,82220000000,Mannheim,Stadtkreis,41,--,ja,8,2,22,0,0,0,R,DE126,82220000000,8222000,1973-01-01T00:00:00,309370,144.97,DEBKGDL1000055ZH,64885.5001085026,145153853.480725
49.4663665807718,9.27985536150279,198,4,4,1,08225,08225,82255005058,Neckar-Odenwald-Kreis,Landkreis,43,--,nein,8,2,25,0,0,0,R,DE127,82250000000,8225000,2009-01-01T00:00:00,143535,1125.95,DEBKGDL1000055YX,230845.58418424,1124011081.62578
49.3681679334745,8.7674095538571,199,4,4,1,08226,08226,82210000000,Rhein-Neckar-Kreis,Landkreis,43,--,nein,8,2,26,0,0,0,R,DE128,82260000000,8226000,2008-06-03T00:00:00,547625,1061.54,DEBKGDL10000563S,360379.349304408,1055730030.1949
48.8769149118145,8.71280242625949,200,4,4,1,08231,08231,82310000000,Pforzheim,Stadtkreis,41,--,ja,8,2,31,0,0,0,R,DE129,82310000000,8231000,1975-09-20T00:00:00,125542,97.99,DEBKGDL10000560B,55323.1622576155,98110337.9011574
48.6788129984867,8.635771595005,201,4,4,1,08235,08235,82355006085,Calw,Landkreis,43,--,ja,8,2,35,0,0,0,R,DE12A,82350000000,8235000,2009-01-01T00:00:00,158397,797.32,DEBKGDL10000560D,194880.569007957,797583033.609242
48.9142713275977,8.73708096960106,202,4,4,1,08236,08236,82310000000,Enzkreis,Landkreis,43,--,nein,8,2,36,0,0,0,R,DE12B,82360000000,8236000,1975-09-20T00:00:00,198905,573.62,DEBKGDL1000055ZP,216543.601488471,572625950.205106
48.4740311886629,8.46554227689407,203,4,4,1,08237,08237,82375002028,Freudenstadt,Landkreis,43,--,ja,8,2,37,0,0,0,R,DE12C,82370000000,8237000,2009-01-01T00:00:00,117935,870.4,DEBKGDL10000560E,203748.098560556,870978904.438565
47.9926995521807,7.8179001253931,204,4,4,1,08311,08311,83110000000,Freiburg im Breisgau,Stadtkreis,41,--,ja,8,3,11,0,0,0,R,DE131,83110000000,8311000,1978-01-01T00:00:00,230241,153.04,DEBKGDL10000561Z,85105.6705267563,154663789.464778
47.9247690617105,7.92503290540219,205,4,4,1,08315,08315,83110000000,Breisgau-Hochschwarzwald,Landkreis,43,--,ja,8,3,15,0,0,0,R,DE132,83150000000,8315000,1978-01-01T00:00:00,262795,1378.33,DEBKGDL10000565A,351852.737922386,1376743712.9404
48.1486102131972,7.89748643844109,206,4,4,1,08316,08316,83165003011,Emmendingen,Landkreis,43,--,ja,8,3,16,0,0,0,R,DE133,83160000000,8316000,2009-01-01T00:00:00,165383,679.81,DEBKGDL1000055XQ,162286.866034075,679764179.217805
48.420844222075,8.01629092719564,207,4,4,1,08317,08317,83175010096,Ortenaukreis,Landkreis,43,--,nein,8,3,17,0,0,0,R,DE134,83170000000,8317000,2009-01-01T00:00:00,429479,1860.3,DEBKGDL100005647,248691.396221548,1857028878.01369
48.2541064345278,8.53233410989058,208,4,4,1,08325,08325,83255003049,Rottweil,Landkreis,43,--,ja,8,3,25,0,0,0,R,DE135,83250000000,8325000,2009-01-01T00:00:00,139455,769.43,DEBKGDL100005641,201730.17460969,768507051.706343
48.0190471243877,8.41108698048405,209,4,4,1,08326,08326,83265004074,Schwarzwald-Baar-Kreis,Landkreis,43,--,nein,8,3,26,0,0,0,R,DE136,83260000000,8326000,2009-01-01T00:00:00,212381,1025.34,DEBKGDL1000055VZ,217145.051798609,1026949897.49155
48.010989153339,8.79398482969843,210,4,4,1,08327,08327,83275006050,Tuttlingen,Landkreis,43,--,ja,8,3,27,0,0,0,R,DE137,83270000000,8327000,2009-01-01T00:00:00,140152,734.36,DEBKGDL1000055ZY,170277.14519515,733267935.036815
47.797854131717,8.91097204575115,211,4,4,1,08335,08335,83355004043,Konstanz,Landkreis,43,--,ja,8,3,35,0,0,0,R,DE138,83350000000,8335000,2009-01-01T00:00:00,285325,817.98,DEBKGDL10000561J,281819.982169184,818567992.160086
47.7033538764755,7.77364402028185,212,4,4,1,08336,08336,83365003050,Lörrach,Landkreis,43,--,ja,8,3,36,0,0,0,R,DE139,83360000000,8336000,2009-01-01T00:00:00,228639,806.72,DEBKGDL10000564J,163267.994777175,806922890.680081
47.6971000166692,8.2191133875983,213,4,4,1,08337,08337,83375007126,Waldshut,Landkreis,43,--,ja,8,3,37,0,0,0,R,DE13A,83370000000,8337000,2009-01-01T00:00:00,170619,1131.14,DEBKGDL1000055XD,261854.437968276,1130085981.73831
48.4061909544211,9.36556707311117,214,4,4,1,08415,08415,84150061061,Reutlingen,Landkreis,43,--,ja,8,4,15,0,0,0,R,DE141,84150000000,8415000,2011-01-01T00:00:00,286748,1092.46,DEBKGDL1000055UR,231334.542991364,1090316377.18444
48.4817780927015,8.98767833415588,215,4,4,1,08416,08416,84160041041,Tübingen,Landkreis,43,--,ja,8,4,16,0,0,0,R,DE142,84160000000,8416000,2009-01-01T00:00:00,227331,519.11,DEBKGDL10000560H,150938.41068205,518593603.151676
48.2671688324866,8.93756463866079,216,4,4,1,08417,08417,84175002002,Zollernalbkreis,Landkreis,43,--,nein,8,4,17,0,0,0,R,DE143,84170000000,8417000,2009-01-01T00:00:00,188935,917.56,DEBKGDL10000560I,188573.644018707,916902832.626063
48.3906721646132,9.94976237452916,217,4,4,1,08421,08421,84210000000,Ulm,Stadtkreis,41,--,ja,8,4,21,0,0,0,R,DE144,84210000000,8421000,1997-01-01T00:00:00,126329,118.68,DEBKGDL1000055XW,85255.9189161798,119384482.328011
48.4016221954072,9.82698104907026,218,4,4,1,08425,08425,84210000000,Alb-Donau-Kreis,Landkreis,43,--,nein,8,4,25,0,0,0,R,DE145,84250000000,8425000,2011-01-01T00:00:00,196047,1358.54,DEBKGDL10000564F,363207.747429842,1356243810.36343
48.1076434399462,9.77463209092125,219,4,4,1,08426,08426,84265003021,Biberach,Landkreis,43,--,ja,8,4,26,0,0,0,R,DE146,84260000000,8426000,2009-01-01T00:00:00,199742,1409.49,DEBKGDL1000055Z3,272393.178005846,1410529638.98938
47.7333673918421,9.40036970493385,220,4,4,1,08435,08435,84355002016,Bodenseekreis,Landkreis,43,--,nein,8,4,35,0,0,0,R,DE147,84350000000,8435000,2009-01-01T00:00:00,216227,664.79,DEBKGDL1000055UO,177457.493664866,668759487.246237
47.8250585836853,9.78024236734032,221,4,4,1,08436,08436,84365005064,Ravensburg,Landkreis,43,--,ja,8,4,36,0,0,0,R,DE148,84360000000,8436000,2009-01-01T00:00:00,284285,1632.09,DEBKGDL100005633,294375.191661176,1629950343.06476
48.0388927734363,9.24101211177618,222,4,4,1,08437,08437,84375006104,Sigmaringen,Landkreis,43,--,ja,8,4,37,0,0,0,R,DE149,84370000000,8437000,2009-01-01T00:00:00,130873,1204.22,DEBKGDL1000055XS,272279.657204565,1203857401.11682
48.7553124166218,11.3951498371612,223,4,4,1,09161,09161,91610000000,Ingolstadt,Kreisfreie Stadt,40,--,ja,9,1,61,0,0,0,R,DE211,91610000000,9161000,1972-07-01T00:00:00,136981,133.35,DEBKGDL1000055ZX,67977.1310706434,133471548.79661
48.1530389941597,11.5475633135753,224,4,4,1,09162,09162,91620000000,München,Kreisfreie Stadt,40,--,ja,9,1,62,0,0,0,R,DE212,91620000000,9162000,2004-12-31T00:00:00,1471508,310.7,DEBKGDL1000055ZO,105342.47911492,311714285.331061
47.8450026064802,12.109860644146,225,4,4,1,09163,09163,91630000000,Rosenheim,Kreisfreie Stadt,40,--,ja,9,1,63,0,0,0,R,DE213,91630000000,9163000,2004-12-31T00:00:00,63324,37.22,DEBKGDL10000563G,29766.996197439,37060099.1039368
48.2096245629532,12.7053137418662,226,4,4,1,09171,09171,91710111111,Altötting,Landkreis,43,--,ja,9,1,71,0,0,0,R,DE214,91710000000,9171000,2009-01-01T00:00:00,111210,569.29,DEBKGDL10000562G,142851.775078991,568906571.816185
47.6981753732228,12.9019223452818,227,4,4,1,09172,09172,91720114114,Berchtesgadener Land,Landkreis,43,--,ja,9,1,72,0,0,0,R,DE215,91720000000,9172000,2009-01-01T00:00:00,105722,839.86,DEBKGDL1000055UY,206929.188854256,840696819.205608
47.7273768473461,11.4830731491913,228,4,4,1,09173,09173,91730112112,Bad Tölz-Wolfratshausen,Landkreis,43,--,ja,9,1,73,0,0,0,R,DE216,91730000000,9173000,2009-01-01T00:00:00,127227,1110.66,DEBKGDL10000562H,216561.2962288,1112213626.39503
48.3345273031923,11.3571409223587,229,4,4,1,09174,09174,91740115115,Dachau,Landkreis,43,--,ja,9,1,74,0,0,0,R,DE217,91740000000,9174000,2009-01-01T00:00:00,153884,579.15,DEBKGDL10000564X,145125.335531318,579335934.4465
48.0762110151354,11.9132811512782,230,4,4,1,09175,09175,91750115115,Ebersberg,Landkreis,43,--,ja,9,1,75,0,0,0,R,DE218,91750000000,9175000,2009-01-01T00:00:00,142142,549.39,DEBKGDL10000563R,143344.697455402,550262649.729764
48.8980801968161,11.3701648758985,231,4,4,1,09176,09176,91760123123,Eichstätt,Landkreis,43,--,ja,9,1,76,0,0,0,R,DE219,91760000000,9176000,2017-03-13T00:00:00,132341,1213.83,DEBKGDL1000055XR,271621.770190707,1213758078.96787
48.3005099369418,12.000722050953,232,4,4,1,09177,09177,91770117117,Erding,Landkreis,43,--,ja,9,1,77,0,0,0,R,DE21A,91770000000,9177000,2009-01-01T00:00:00,137660,870.73,DEBKGDL1000055YE,161441.499114661,871294977.577712
48.4474259642165,11.7406105723881,233,4,4,1,09178,09178,91780124124,Freising,Landkreis,43,--,ja,9,1,78,0,0,0,R,DE21B,91780000000,9178000,2009-01-01T00:00:00,179116,799.83,DEBKGDL1000055WJ,173077.590591396,798089407.572986
48.1876916077186,11.2013596389353,234,4,4,1,09179,09179,91790121121,Fürstenfeldbruck,Landkreis,43,--,ja,9,1,79,0,0,0,R,DE21C,91790000000,9179000,2009-01-01T00:00:00,219320,434.81,DEBKGDL10000564Y,131207.790313065,435116378.487389
47.5562424178078,11.1296533926377,235,4,4,1,09180,09180,91800117117,Garmisch-Partenkirchen,Landkreis,43,--,ja,9,1,80,0,0,0,R,DE21D,91800000000,9180000,2009-01-01T00:00:00,88467,1012.17,DEBKGDL1000055WA,190015.059373646,1011547877.85509
48.0244774772475,10.9486945150472,236,4,4,1,09181,09181,91810130130,Landsberg am Lech,Landkreis,43,--,ja,9,1,81,0,0,0,R,DE21E,91810000000,9181000,2009-01-01T00:00:00,120071,804.37,DEBKGDL10000563I,195740.790224603,803029332.663765
47.7415616160945,11.8091708513689,237,4,4,1,09182,09182,91820125125,Miesbach,Landkreis,43,--,ja,9,1,82,0,0,0,R,DE21F,91820000000,9182000,2011-01-01T00:00:00,99726,866.22,DEBKGDL100005656,189698.506125536,867114720.6084
48.23930757293,12.38180697578,238,4,4,1,09183,09183,91830128128,Mühldorf a. Inn,Landkreis,43,--,ja,9,1,83,0,0,0,R,DE21G,91830000000,9183000,2009-01-01T00:00:00,115250,805.34,DEBKGDL10000562B,216366.011500183,805839972.032205
48.0745810296827,11.6312922631534,239,4,4,1,09184,09184,91620000000,München,Landkreis,43,--,ja,9,1,84,0,0,0,R,DE21H,91840000000,9184000,2011-01-01T00:00:00,348871,664.26,DEBKGDL1000055US,234940.496748832,663931037.088673
48.6644408115411,11.1972455841311,240,4,4,1,09185,09185,91850149149,Neuburg-Schrobenhausen,Landkreis,43,--,ja,9,1,85,0,0,0,R,DE21I,91850000000,9185000,2009-01-01T00:00:00,96680,739.72,DEBKGDL1000055UV,188026.639284032,740136909.920962
48.5962230437506,11.5241053722129,241,4,4,1,09186,09186,91860143143,Pfaffenhofen a.d. Ilm,Landkreis,43,--,ja,9,1,86,0,0,0,R,DE21J,91860000000,9186000,2017-03-13T00:00:00,127151,761.04,DEBKGDL10000565B,197624.562664612,761413092.342553
47.8780944165294,12.1628832139939,242,4,4,1,09187,09187,91630000000,Rosenheim,Landkreis,43,--,ja,9,1,87,0,0,0,R,DE21K,91870000000,9187000,2004-12-31T00:00:00,260983,1439.45,DEBKGDL1000055YA,344295.40974003,1443093282.81211
48.0061434086691,11.2815675315233,243,4,4,1,09188,09188,91880139139,Starnberg,Landkreis,43,--,ja,9,1,88,0,0,0,R,DE21L,91880000000,9188000,2009-01-01T00:00:00,136092,487.72,DEBKGDL10000562W,137539.430836908,485542390.355343
47.8943193380225,12.5795984220333,244,4,4,1,09189,09189,91890155155,Traunstein,Landkreis,43,--,ja,9,1,89,0,0,0,R,DE21M,91890000000,9189000,2009-01-01T00:00:00,177089,1533.83,DEBKGDL1000055U4,290055.627097977,1533106102.59525
47.7877060655186,11.0484936505828,245,4,4,1,09190,09190,91900157157,Weilheim-Schongau,Landkreis,43,--,ja,9,1,90,0,0,0,R,DE21N,91900000000,9190000,2009-01-01T00:00:00,135348,966.28,DEBKGDL10000560T,244974.466081912,968401996.912136
48.5450368099444,12.1589760757848,246,4,4,1,09261,09261,92610000000,Landshut,Kreisfreie Stadt,40,--,ja,9,2,61,0,0,0,R,DE221,92610000000,9261000,1974-07-01T00:00:00,72404,65.83,DEBKGDL10000560R,62920.7203578334,67798748.5099751
48.5822017603777,13.4154014471773,247,4,4,1,09262,09262,92620000000,Passau,Kreisfreie Stadt,40,--,ja,9,2,62,0,0,0,R,DE222,92620000000,9262000,2016-01-01T00:00:00,52469,69.56,DEBKGDL10000561B,51657.1828967307,70463032.3564921
48.8809571667443,12.5746626463305,248,4,4,1,09263,09263,92630000000,Straubing,Kreisfreie Stadt,40,--,ja,9,2,63,0,0,0,R,DE223,92630000000,9263000,1972-07-01T00:00:00,47794,67.59,DEBKGDL10000560X,47978.2967447203,67974864.62085
48.7786214324895,13.000752437577,249,4,4,1,09271,09271,92710119119,Deggendorf,Landkreis,43,--,ja,9,2,71,0,0,0,R,DE224,92710000000,9271000,2013-04-01T00:00:00,119326,861.15,DEBKGDL10000563C,185943.853862273,862271096.629477
48.8268582439354,13.5134801291268,250,4,4,1,09272,09272,92720118118,Freyung-Grafenau,Landkreis,43,--,ja,9,2,72,0,0,0,R,DE225,92720000000,9272000,2013-04-01T00:00:00,78355,983.97,DEBKGDL10000560A,188397.373383498,985766784.028223
48.8247219701791,11.8576742907549,251,4,4,1,09273,09273,92730137137,Kelheim,Landkreis,43,--,ja,9,2,73,0,0,0,R,DE226,92730000000,9273000,2017-03-13T00:00:00,122258,1065.15,DEBKGDL1000055Y6,238824.961775086,1064741632.14515
48.5575685830189,12.1958767625148,252,4,4,1,09274,09274,92610000000,Landshut,Landkreis,43,--,ja,9,2,74,0,0,0,R,DE227,92740000000,9274000,2004-12-31T00:00:00,158698,1347.56,DEBKGDL10000563N,299735.931794703,1346341260.9553
48.5586803261481,13.366364748536,253,4,4,1,09275,09275,92620000000,Passau,Landkreis,43,--,ja,9,2,75,0,0,0,R,DE228,92750000000,9275000,2016-01-01T00:00:00,192043,1530.06,DEBKGDL10000560C,308421.574301109,1531917479.90593
49.0228187172834,13.0999742362799,254,4,4,1,09276,09276,92760138138,Regen,Landkreis,43,--,ja,9,2,76,0,0,0,R,DE229,92760000000,9276000,2009-01-01T00:00:00,77656,974.78,DEBKGDL100005637,182849.205299738,976736653.84935
48.4244450484556,12.8675085018013,255,4,4,1,09277,09277,92770138138,Rottal-Inn,Landkreis,43,--,ja,9,2,77,0,0,0,R,DE22A,92770000000,9277000,2009-01-01T00:00:00,120659,1281.19,DEBKGDL1000055YJ,245800.563653806,1283002773.08512
48.899633430139,12.5820536903771,256,4,4,1,09278,09278,92630000000,Straubing-Bogen,Landkreis,43,--,ja,9,2,78,0,0,0,R,DE22B,92780000000,9278000,1978-05-01T00:00:00,100649,1201.62,DEBKGDL10000560Y,292257.379185914,1201610642.78306
48.6411972515166,12.6104737153243,257,4,4,1,09279,09279,92790112112,Dingolfing-Landau,Landkreis,43,--,ja,9,2,79,0,0,0,R,DE22C,92790000000,9279000,2009-01-01T00:00:00,96217,877.58,DEBKGDL1000055YI,226251.636285985,878478842.557157
49.4511205816075,11.8453472327443,258,4,4,1,09361,09361,93610000000,Amberg,Kreisfreie Stadt,40,--,ja,9,3,61,0,0,0,R,DE231,93610000000,9361000,1972-07-01T00:00:00,41970,50.13,DEBKGDL1000055XY,39948.5918933338,49996763.9440448
49.0130072508141,12.1132303916061,259,4,4,1,09362,09362,93620000000,Regensburg,Kreisfreie Stadt,40,--,ja,9,3,62,0,0,0,R,DE232,93620000000,9362000,2016-06-01T00:00:00,152610,80.86,DEBKGDL1000055TL,50865.4683649334,80389593.2790496
49.6686155598928,12.1564584503064,260,4,4,1,09363,09363,93630000000,Weiden i.d. OPf.,Kreisfreie Stadt,40,--,ja,9,3,63,0,0,0,R,DE233,93630000000,9363000,2011-06-01T00:00:00,42520,70.57,DEBKGDL1000055ZD,61378.1773788601,69143996.2317122
49.4859055776174,11.8013500571203,261,4,4,1,09371,09371,93610000000,Amberg-Sulzbach,Landkreis,43,--,ja,9,3,71,0,0,0,R,DE234,93710000000,9371000,1973-05-01T00:00:00,103109,1255.83,DEBKGDL10000564D,335345.516743837,1258369977.31864
49.2370986066382,12.6942424042838,262,4,4,1,09372,09372,93720116116,Cham,Landkreis,43,--,ja,9,3,72,0,0,0,R,DE235,93720000000,9372000,2017-01-01T00:00:00,127882,1526.81,DEBKGDL1000055U3,271175.479141233,1528690591.90654
49.2156318178264,11.5658953482799,263,4,4,1,09373,09373,93730147147,Neumarkt i.d. OPf.,Landkreis,43,--,ja,9,3,73,0,0,0,R,DE236,93730000000,9373000,2012-04-18T00:00:00,133561,1343.94,DEBKGDL10000565C,262974.738715405,1342186971.63931
49.6866572899443,12.0989151721949,264,4,4,1,09374,09374,93740139139,Neustadt a.d. Waldnaab,Landkreis,43,--,ja,9,3,74,0,0,0,R,DE237,93740000000,9374000,2017-07-01T00:00:00,94352,1427.68,DEBKGDL10000564C,350000.956185032,1431206348.07742
49.0213281998176,12.12132660583,265,4,4,1,09375,09375,93620000000,Regensburg,Landkreis,43,--,ja,9,3,75,0,0,0,R,DE238,93750000000,9375000,2016-06-01T00:00:00,193572,1391.68,DEBKGDL1000055WK,356227.018879311,1392988879.31884
49.3683165291522,12.2521170169842,266,4,4,1,09376,09376,93760161161,Schwandorf,Landkreis,43,--,ja,9,3,76,0,0,0,R,DE239,93760000000,9376000,2017-01-01T00:00:00,147189,1458.35,DEBKGDL1000055YK,307209.037275851,1458634409.80507
49.8994998829344,12.2006605940598,267,4,4,1,09377,09377,93770154154,Tirschenreuth,Landkreis,43,--,ja,9,3,77,0,0,0,R,DE23A,93770000000,9377000,2009-01-01T00:00:00,72504,1084.24,DEBKGDL1000055TY,211206.71643712,1085502632.27576
49.8869744179856,10.899915251283,268,4,4,1,09461,09461,94610000000,Bamberg,Kreisfreie Stadt,40,--,ja,9,4,61,0,0,0,R,DE241,94610000000,9461000,1972-07-01T00:00:00,77592,54.62,DEBKGDL10000562Q,37470.3039044252,54871113.9705869
49.9379096265547,11.5836166702495,269,4,4,1,09462,09462,94620000000,Bayreuth,Kreisfreie Stadt,40,--,ja,9,4,62,0,0,0,R,DE242,94620000000,9462000,2005-01-01T00:00:00,74657,66.89,DEBKGDL1000055W0,59457.3406650373,67886247.9778225
50.2634117613856,10.9640073545147,270,4,4,1,09463,09463,94630000000,Coburg,Kreisfreie Stadt,40,--,ja,9,4,63,0,0,0,R,DE243,94630000000,9463000,1977-01-01T00:00:00,41249,48.29,DEBKGDL1000055Y8,44671.8605523516,48407598.9254386
50.3108005108929,11.8975684938536,271,4,4,1,09464,09464,94640000000,Hof,Kreisfreie Stadt,40,--,ja,9,4,64,0,0,0,R,DE244,94640000000,9464000,1978-05-01T00:00:00,45930,58.02,DEBKGDL1000055WI,46591.1503731516,58169479.9633938
49.8934538841041,10.8830180530093,272,4,4,1,09471,09471,94610000000,Bamberg,Landkreis,43,--,ja,9,4,71,0,0,0,R,DE245,94710000000,9471000,1978-05-01T00:00:00,147086,1167.82,DEBKGDL1000055YV,322427.284831206,1165784415.23806
49.8836847962683,11.5547355273754,273,4,4,1,09472,09472,94620000000,Bayreuth,Landkreis,43,--,ja,9,4,72,0,0,0,R,DE246,94720000000,9472000,2017-07-01T00:00:00,103656,1273.64,DEBKGDL10000562X,340931.130149736,1272139373.59063
50.2678474657898,10.942480091,274,4,4,1,09473,09473,94630000000,Coburg,Landkreis,43,--,ja,9,4,73,0,0,0,R,DE247,94730000000,9473000,2013-01-01T00:00:00,86906,590.41,DEBKGDL1000055TS,241986.379059038,591492557.320618
49.7210834473508,11.1730527867757,275,4,4,1,09474,09474,94740126126,Forchheim,Landkreis,43,--,ja,9,4,74,0,0,0,R,DE248,94740000000,9474000,2009-01-01T00:00:00,116099,642.8,DEBKGDL100005623,171549.739997549,642987531.915477
50.2731637759627,11.8192037371071,276,4,4,1,09475,09475,94640000000,Hof,Landkreis,43,--,ja,9,4,75,0,0,0,R,DE249,94750000000,9475000,1978-05-01T00:00:00,95311,892.53,DEBKGDL1000055WH,264771.181532584,893976156.621909
50.3275588685945,11.3717979058386,277,4,4,1,09476,09476,94760145145,Kronach,Landkreis,43,--,ja,9,4,76,0,0,0,R,DE24A,94760000000,9476000,2009-01-01T00:00:00,67135,651.51,DEBKGDL10000563H,180299.530206695,650858463.559823
50.1024118620942,11.4823448646881,278,4,4,1,09477,09477,94770128128,Kulmbach,Landkreis,43,--,ja,9,4,77,0,0,0,R,DE24B,94770000000,9477000,2013-04-01T00:00:00,71845,658.32,DEBKGDL10000563O,181932.641749575,657490151.59729
50.1091976048764,11.1169511000791,279,4,4,1,09478,09478,94780139139,Lichtenfels,Landkreis,43,--,ja,9,4,78,0,0,0,R,DE24C,94780000000,9478000,2013-01-01T00:00:00,66838,519.92,DEBKGDL1000055YG,165031.540337725,519346263.742362
50.0901859625087,12.0417785690857,280,4,4,1,09479,09479,94790169169,Wunsiedel i. Fichtelgebirge,Landkreis,43,--,ja,9,4,79,0,0,0,R,DE24D,94790000000,9479000,2009-01-01T00:00:00,73178,606.37,DEBKGDL1000055U5,138197.55566629,606958591.229084
49.2922474829777,10.5633025393964,281,4,4,1,09561,09561,95610000000,Ansbach,Kreisfreie Stadt,40,--,ja,9,5,61,0,0,0,R,DE251,95610000000,9561000,2010-01-01T00:00:00,41847,99.91,DEBKGDL1000055UI,59598.3999434578,99617268.8669572
49.5825392078001,10.9782643684047,282,4,4,1,09562,09562,95620000000,Erlangen,Kreisfreie Stadt,40,--,ja,9,5,62,0,0,0,R,DE252,95620000000,9562000,1972-07-01T00:00:00,111962,76.96,DEBKGDL1000055ZC,47345.9722835793,78400300.6558234
49.4914161789113,10.9654570961975,283,4,4,1,09563,09563,95630000000,Fürth,Kreisfreie Stadt,40,--,ja,9,5,63,0,0,0,R,DE253,95630000000,9563000,1972-07-01T00:00:00,127748,63.35,DEBKGDL10000562U,41072.1196454618,63975622.3216676
49.4358038858719,11.0829990968032,284,4,4,1,09564,09564,95640000000,Nürnberg,Kreisfreie Stadt,40,--,ja,9,5,64,0,0,0,R,DE254,95640000000,9564000,2004-12-31T00:00:00,518365,186.45,DEBKGDL100005644,120681.341760218,188049559.466514
49.3355493774053,11.0247130062108,285,4,4,1,09565,09565,95650000000,Schwabach,Kreisfreie Stadt,40,--,ja,9,5,65,0,0,0,R,DE255,95650000000,9565000,1972-07-01T00:00:00,40792,40.8,DEBKGDL10000562S,37030.5937047925,41516295.4601247
49.2481211974703,10.4679359078738,286,4,4,1,09571,09571,95610000000,Ansbach,Landkreis,43,--,ja,9,5,71,0,0,0,R,DE256,95710000000,9571000,2014-06-01T00:00:00,183949,1971.31,DEBKGDL100005630,373254.577943078,1973409705.5107
49.640144937859,10.9151634498263,287,4,4,1,09572,09572,95620000000,Erlangen-Höchstadt,Landkreis,43,--,ja,9,5,72,0,0,0,R,DE257,95720000000,9572000,2004-12-31T00:00:00,136271,564.59,DEBKGDL10000565D,264719.838058485,564992928.00667
49.4467348988212,10.8494395303886,288,4,4,1,09573,09573,95730134134,Fürth,Landkreis,43,--,ja,9,5,73,0,0,0,R,DE258,95730000000,9573000,2009-01-01T00:00:00,117387,307.43,DEBKGDL10000565E,101242.415079205,306689485.865154
49.4923361618291,11.3697874089176,289,4,4,1,09574,09574,95740138138,Nürnberger Land,Landkreis,43,--,ja,9,5,74,0,0,0,R,DE259,95740000000,9574000,2009-01-01T00:00:00,170365,799.49,DEBKGDL100005643,238401.185039763,798118135.007378
49.5694495405463,10.4649689091251,290,4,4,1,09575,09575,95750153153,Neustadt a.d. Aisch-Bad Windsheim,Landkreis,43,--,ja,9,5,75,0,0,0,R,DE25A,95750000000,9575000,2014-06-01T00:00:00,100364,1267.44,DEBKGDL10000562R,250505.406178695,1266676897.00161
49.2028409925519,11.1237567610083,291,4,4,1,09576,09576,95760143143,Roth,Landkreis,43,--,ja,9,5,76,0,0,0,R,DE25B,95760000000,9576000,2009-01-01T00:00:00,126958,895.15,DEBKGDL1000055YH,258438.167292592,894274114.136247
49.0326534182343,10.8936923579474,292,4,4,1,09577,09577,95770177177,Weißenburg-Gunzenhausen,Landkreis,43,--,ja,9,5,77,0,0,0,R,DE25C,95770000000,9577000,2009-01-01T00:00:00,94393,970.78,DEBKGDL1000055ZR,193266.50186071,970385383.797574
49.9638033880408,9.14581744718395,293,4,4,1,09661,09661,96610000000,Aschaffenburg,Kreisfreie Stadt,40,--,ja,9,6,61,0,0,0,R,DE261,96610000000,9661000,1978-05-01T00:00:00,70527,62.45,DEBKGDL100005659,47466.1214191091,62119486.128391
50.0468247116007,10.2215058773235,294,4,4,1,09662,09662,96620000000,Schweinfurt,Kreisfreie Stadt,40,--,ja,9,6,62,0,0,0,R,DE262,96620000000,9662000,1972-07-01T00:00:00,54032,35.7,DEBKGDL1000055YL,36675.4888849157,36369325.9870606
49.7847335696831,9.94102152851037,295,4,4,1,09663,09663,96630000000,Würzburg,Kreisfreie Stadt,40,--,ja,9,6,63,0,0,0,R,DE263,96630000000,9663000,1978-01-01T00:00:00,127880,87.6,DEBKGDL1000055TZ,59013.2929618022,87563423.2430708
50.0079469076521,9.23818815785922,296,4,4,1,09671,09671,96610000000,Aschaffenburg,Landkreis,43,--,ja,9,6,71,0,0,0,R,DE264,96710000000,9671000,2011-07-01T00:00:00,174208,705.72,DEBKGDL10000564P,219628.837372743,697695200.167582
50.2226126645696,9.96458766434271,297,4,4,1,09672,09672,96720114114,Bad Kissingen,Landkreis,43,--,ja,9,6,72,0,0,0,R,DE265,96720000000,9672000,2015-01-01T00:00:00,103218,1136.92,DEBKGDL10000563F,254698.221436902,1137765437.96825
50.3713376557973,10.2552633873426,298,4,4,1,09673,09673,96730114114,Rhön-Grabfeld,Landkreis,43,--,ja,9,6,73,0,0,0,R,DE266,96730000000,9673000,2015-01-01T00:00:00,79690,1021.72,DEBKGDL10000564M,233385.780387536,1020475162.58749
50.0627102287574,10.606724872044,299,4,4,1,09674,09674,96740147147,Haßberge,Landkreis,43,--,ja,9,6,74,0,0,0,R,DE267,96740000000,9674000,2009-01-01T00:00:00,84599,956.19,DEBKGDL1000055UN,219245.736950946,956237749.174747
49.7532763874768,10.2560864169753,300,4,4,1,09675,09675,96750141141,Kitzingen,Landkreis,43,--,ja,9,6,75,0,0,0,R,DE268,96750000000,9675000,2009-01-01T00:00:00,90909,684.17,DEBKGDL1000055U0,178882.685011806,681888262.215861
49.7570972502529,9.23469956707687,301,4,4,1,09676,09676,96760139139,Miltenberg,Landkreis,43,--,ja,9,6,76,0,0,0,R,DE269,96760000000,9676000,2009-01-01T00:00:00,128756,715.55,DEBKGDL10000563Q,218614.928900586,715823340.041923
49.9932301385404,9.66234970016057,302,4,4,1,09677,09677,96770148148,Main-Spessart,Landkreis,43,--,ja,9,6,77,0,0,0,R,DE26A,96770000000,9677000,2009-01-01T00:00:00,126365,1321.23,DEBKGDL10000563E,275229.146994608,1321771964.94948
50.0167710325304,10.2598990955197,303,4,4,1,09678,09678,96620000000,Schweinfurt,Landkreis,43,--,ja,9,6,78,0,0,0,R,DE26B,96780000000,9678000,1972-07-01T00:00:00,115106,841.38,DEBKGDL10000560W,286795.909750921,840531259.947868
49.7375567242081,9.9272783736395,304,4,4,1,09679,09679,96630000000,Würzburg,Landkreis,43,--,ja,9,6,79,0,0,0,R,DE26C,96790000000,9679000,1997-01-01T00:00:00,161834,968.33,DEBKGDL1000055TU,302673.918869759,967132470.913355
48.3451434864071,10.88558570304,305,4,4,1,09761,09761,97610000000,Augsburg,Kreisfreie Stadt,40,--,ja,9,7,61,0,0,0,R,DE271,97610000000,9761000,2015-10-01T00:00:00,295135,146.85,DEBKGDL1000055V6,81326.456261277,145841672.514132
47.8798402057674,10.6160390057264,306,4,4,1,09762,09762,97620000000,Kaufbeuren,Kreisfreie Stadt,40,--,ja,9,7,62,0,0,0,R,DE272,97620000000,9762000,1972-07-01T00:00:00,43893,40.02,DEBKGDL1000055TH,35204.3860131202,40210727.855481
47.738006545443,10.308258801256,307,4,4,1,09763,09763,97630000000,Kempten (Allgäu),Kreisfreie Stadt,40,--,ja,9,7,63,0,0,0,R,DE273,97630000000,9763000,1972-07-01T00:00:00,68907,63.28,DEBKGDL1000055WN,46379.8960790449,63223826.3588217
47.9788416763723,10.1636333656014,308,4,4,1,09764,09764,97640000000,Memmingen,Kreisfreie Stadt,40,--,ja,9,7,64,0,0,0,R,DE274,97640000000,9764000,1978-05-01T00:00:00,43837,70.11,DEBKGDL10000560Z,58860.435034898,69529382.8404968
48.427514297326,11.0529820886093,309,4,4,1,09771,09771,97710113113,Aichach-Friedberg,Landkreis,43,--,ja,9,7,71,0,0,0,R,DE275,97710000000,9771000,2015-10-01T00:00:00,133596,780.23,DEBKGDL10000563J,193904.826834285,778769753.227623
48.3539845429909,10.7322415438188,310,4,4,1,09772,09772,97610000000,Augsburg,Landkreis,43,--,ja,9,7,72,0,0,0,R,DE276,97720000000,9772000,2016-07-01T00:00:00,251534,1070.65,DEBKGDL1000055ZK,275769.568375947,1072176167.47791
48.5964926406979,10.5281917863123,311,4,4,1,09773,09773,97730125125,Dillingen a.d. Donau,Landkreis,43,--,ja,9,7,73,0,0,0,R,DE277,97730000000,9773000,2009-01-01T00:00:00,96021,792.23,DEBKGDL1000055V3,205944.991153347,792722861.497954
48.352713367385,10.3813791060002,312,4,4,1,09774,09774,97740135135,Günzburg,Landkreis,43,--,ja,9,7,74,0,0,0,R,DE278,97740000000,9774000,2016-07-01T00:00:00,125747,762.43,DEBKGDL10000564E,208865.267328075,763881494.738659
48.2983439912367,10.1411403344213,313,4,4,1,09775,09775,97750135135,Neu-Ulm,Landkreis,43,--,ja,9,7,75,0,0,0,R,DE279,97750000000,9775000,2009-01-01T00:00:00,174200,515.86,DEBKGDL1000055UU,137675.914584626,515871324.245625
47.6052267856101,9.88232463837289,314,4,4,1,09776,09776,97760116116,Lindau (Bodensee),Landkreis,43,--,ja,9,7,76,0,0,0,R,DE27A,97760000000,9776000,2009-01-01T00:00:00,81669,323.38,DEBKGDL1000055TT,131514.419923998,323773449.810578
47.7695401133557,10.6399040573568,315,4,4,1,09777,09777,97770151151,Ostallgäu,Landkreis,43,--,ja,9,7,77,0,0,0,R,DE27B,97770000000,9777000,2009-01-01T00:00:00,140316,1394.44,DEBKGDL100005612,364237.403235042,1392398143.33837
48.0396435862025,10.3891917418724,316,4,4,1,09778,09778,97780173173,Unterallgäu,Landkreis,43,--,ja,9,7,78,0,0,0,R,DE27C,97780000000,9778000,2009-01-01T00:00:00,144041,1229.55,DEBKGDL100005610,294802.554146358,1228692708.08301
48.8069208792184,10.7127156132378,317,4,4,1,09779,09779,97790131131,Donau-Ries,Landkreis,43,--,ja,9,7,79,0,0,0,R,DE27D,97790000000,9779000,2009-01-01T00:00:00,133496,1274.57,DEBKGDL1000055UT,282622.772915882,1270826702.02259
47.5723366383681,10.2586885754111,318,4,4,1,09780,09780,97800139139,Oberallgäu,Landkreis,43,--,ja,9,7,80,0,0,0,R,DE27E,97800000000,9780000,2009-01-01T00:00:00,155362,1527.95,DEBKGDL100005632,308158.449345771,1527925186.74446
49.2516809710419,6.95742177793685,319,4,4,1,10041,10041,100410100100,Regionalverband Saarbrücken,Landkreis,45,Sonderverband,nein,10,0,41,0,0,0,R,DEC01,100410000000,10041000,2009-01-01T00:00:00,329708,410.95,DEBKGDL10000562M,152221.60608963,412831674.986466
49.4960335084009,6.68041973512729,320,4,4,1,10042,10042,100420113113,Merzig-Wadern,Landkreis,43,--,ja,10,0,42,0,0,0,R,DEC02,100420000000,10042000,2009-01-01T00:00:00,103366,556.66,DEBKGDL1000055XI,144400.032513722,556430173.998644
49.3758585088645,7.11745753409423,321,4,4,1,10043,10043,100430115115,Neunkirchen,Landkreis,43,--,ja,10,0,43,0,0,0,R,DEC03,100430000000,10043000,2009-01-01T00:00:00,132206,249.8,DEBKGDL1000055WE,100357.903911505,246727901.745535
49.3555023976985,6.77520222265118,322,4,4,1,10044,10044,100440115115,Saarlouis,Landkreis,43,--,ja,10,0,44,0,0,0,R,DEC04,100440000000,10044000,2009-01-01T00:00:00,195201,459.35,DEBKGDL1000055V1,146467.909275933,459061385.982762
49.2487012432974,7.24214625514428,323,4,4,1,10045,10045,100450114114,Saarpfalz-Kreis,Landkreis,43,--,nein,10,0,45,0,0,0,R,DEC05,100450000000,10045000,2009-01-01T00:00:00,142631,418.28,DEBKGDL1000055Y2,146973.558682374,419343300.338561
49.5196137091279,7.10029799510562,324,4,4,1,10046,10046,100460117117,St. Wendel,Landkreis,43,--,ja,10,0,46,0,0,0,R,DEC06,100460000000,10046000,2009-01-01T00:00:00,87397,476.07,DEBKGDL10000561M,133081.961786587,476269735.610746
52.501353448884,13.4017990954688,325,4,4,1,11000,11000,110000000000,Berlin,Kreisfreie Stadt,40,--,ja,11,0,0,0,0,0,R,DE300,110000000000,11000000,1990-10-03T00:00:00,3644826,891.12,DEBKGDL1000055Z2,214695.568329902,893484231.117215
52.4028751788161,12.519549446086,326,4,4,1,12051,12051,120510000000,Brandenburg an der Havel,Kreisfreie Stadt,40,--,ja,12,0,51,0,0,0,R,DE401,120510000000,12051000,2012-10-01T00:00:00,72124,229.71,DEBKGDL1000055UQ,135233.16885402,230631142.666326
51.7724052637584,14.3667423456084,327,4,4,1,12052,12052,120520000000,Cottbus,Kreisfreie Stadt,40,--,ja,12,0,52,0,0,0,R,DE402,120520000000,12052000,2003-10-26T00:00:00,100219,165.63,DEBKGDL10000561Q,85558.1002849106,165827973.402107
52.3249402778748,14.4899776508679,328,4,4,1,12053,12053,120530000000,Frankfurt (Oder),Kreisfreie Stadt,40,--,ja,12,0,53,0,0,0,R,DE403,120530000000,12053000,2002-05-31T00:00:00,57873,147.85,DEBKGDL1000055XJ,62080.5012802016,148697483.851095
52.4265754470742,13.0279827992158,329,4,4,1,12054,12054,120540000000,Potsdam,Kreisfreie Stadt,40,--,ja,12,0,54,0,0,0,R,DE404,120540000000,12054000,2014-09-11T00:00:00,178089,188.25,DEBKGDL1000055YY,93838.6622437008,187426430.709412
52.8230442183924,13.7029690327169,330,4,4,1,12060,12060,120600052052,Barnim,Landkreis,43,--,ja,12,0,60,0,0,0,R,DE405,120600000000,12060000,2009-01-01T00:00:00,182760,1479.61,DEBKGDL1000055Z1,319964.812349214,1484349625.4718
52.0418665988269,13.8204094014442,331,4,4,1,12061,12061,120610316316,Dahme-Spreewald,Landkreis,43,--,ja,12,0,61,0,0,0,R,DE406,120610000000,12061000,2015-01-19T00:00:00,169067,2274.53,DEBKGDL1000055U8,423112.05460074,2280894613.81184
51.6122288959878,13.4598111655279,332,4,4,1,12062,12062,120620224224,Elbe-Elster,Landkreis,43,--,ja,12,0,62,0,0,0,R,DE407,120620000000,12062000,2009-01-01T00:00:00,102638,1899.16,DEBKGDL1000055YC,290408.504909097,1901427658.73461
52.6211054214508,12.6285011157603,333,4,4,1,12063,12063,120630252252,Havelland,Landkreis,43,--,ja,12,0,63,0,0,0,R,DE408,120630000000,12063000,2012-10-01T00:00:00,161909,1727.31,DEBKGDL1000055YZ,326422.025854339,1727981341.57426
52.6067945588984,14.1466557699771,334,4,4,1,12064,12064,120640448448,Märkisch-Oderland,Landkreis,43,--,ja,12,0,64,0,0,0,R,DE409,120640000000,12064000,2009-01-01T00:00:00,194328,2158.65,DEBKGDL10000564G,306297.772653423,2162998183.40886
52.9063368728139,13.2051835464591,335,4,4,1,12065,12065,120650256256,Oberhavel,Landkreis,43,--,ja,12,0,65,0,0,0,R,DE40A,120650000000,12065000,2009-01-01T00:00:00,211249,1808.17,DEBKGDL1000055YB,334688.427043155,1809404608.004
51.6158985379492,13.9433475894888,336,4,4,1,12066,12066,120660304304,Oberspreewald-Lausitz,Landkreis,43,--,ja,12,0,66,0,0,0,R,DE40B,120660000000,12066000,2009-01-01T00:00:00,110476,1223.46,DEBKGDL1000055U6,244447.258337792,1225983485.5454
52.2439929011189,14.2195177896034,337,4,4,1,12067,12067,120670036036,Oder-Spree,Landkreis,43,--,ja,12,0,67,0,0,0,R,DE40C,120670000000,12067000,2015-01-19T00:00:00,178658,2256.75,DEBKGDL1000055YW,357958.703644565,2264017843.48382
52.9913492604895,12.6360819430831,338,4,4,1,12068,12068,120680320320,Ostprignitz-Ruppin,Landkreis,43,--,ja,12,0,68,0,0,0,R,DE40D,120680000000,12068000,2011-01-01T00:00:00,99078,2526.55,DEBKGDL100005622,364216.040373895,2528691946.90996
52.2460372763341,12.6889438527919,339,4,4,1,12069,12069,120690020020,Potsdam-Mittelmark,Landkreis,43,--,ja,12,0,69,0,0,0,R,DE40E,120690000000,12069000,2014-09-11T00:00:00,214664,2592.06,DEBKGDL1000055Z0,455062.319884371,2594962014.61391
53.1092989054364,11.9616528840543,340,4,4,1,12070,12070,120700296296,Prignitz,Landkreis,43,--,ja,12,0,70,0,0,0,R,DE40F,120700000000,12070000,2009-01-01T00:00:00,76508,2138.58,DEBKGDL1000055W7,302643.054490546,2140464090.78144
51.7583105541976,14.4328894853724,341,4,4,1,12071,12071,120710076076,Spree-Neiße,Landkreis,43,--,ja,12,0,71,0,0,0,R,DE40G,120710000000,12071000,2009-01-01T00:00:00,114429,1656.98,DEBKGDL100005IQG,337450.371360158,1659428834.66535
52.0726245625502,13.2756455834953,342,4,4,1,12072,12072,120720232232,Teltow-Fläming,Landkreis,43,--,ja,12,0,72,0,0,0,R,DE40H,120720000000,12072000,2009-01-01T00:00:00,168296,2104.22,DEBKGDL1000055U9,312217.569481976,2105369332.17502
53.2059205794641,13.8613014760291,343,4,4,1,12073,12073,120730452452,Uckermark,Landkreis,43,--,ja,12,0,73,0,0,0,R,DE40I,120730000000,12073000,2009-01-01T00:00:00,119552,3077.01,DEBKGDL10000560N,373098.778960393,3080715062.00763
54.1470244386009,12.1431574133213,344,4,4,1,13003,13003,130030000000,Rostock,Kreisfreie Stadt,40,--,ja,13,0,3,0,0,0,R,DE803,130030000000,13003000,2007-01-01T00:00:00,208886,181.36,DEBKGDL10000560K,124224.318625166,169436391.93716
53.6211935420104,11.4169755096378,345,4,4,1,13004,13004,130040000000,Schwerin,Kreisfreie Stadt,40,--,ja,13,0,4,0,0,0,R,DE804,130040000000,13004000,1990-10-03T00:00:00,95818,130.52,DEBKGDL1000055W4,64958.0626814683,130572533.89026
53.5435027093111,13.0022514568236,346,4,4,1,13071,13071,130710107107,Mecklenburgische Seenplatte,Landkreis,43,--,ja,13,0,71,0,0,0,R,DE80J,130710000000,13071000,2011-09-04T00:00:00,259130,5495.61,DEBKGDL1000055W2,493790.238238758,5499202044.6962
53.9121506982573,12.2213154760959,347,4,4,1,13072,13072,130720043043,Rostock,Landkreis,43,--,ja,13,0,72,0,0,0,R,DE80K,130720000000,13072000,2011-09-04T00:00:00,215113,3431.26,DEBKGDL10000561T,442685.331365132,3431316842.26109
54.2844795669023,12.9915200317858,348,4,4,1,13073,13073,130730088088,Vorpommern-Rügen,Landkreis,43,--,ja,13,0,73,0,0,0,R,DE80L,130730000000,13073000,2011-09-04T00:00:00,224684,3215.4,DEBKGDL10000564K,1022043.40132899,3168717895.36286
53.8216246187452,11.2521224255195,349,4,4,1,13074,13074,130740087087,Nordwestmecklenburg,Landkreis,43,--,ja,13,0,74,0,0,0,R,DE80M,130740000000,13074000,2011-09-04T00:00:00,156729,2127.05,DEBKGDL1000055W8,388676.446621077,2126159033.68503
53.7883588944984,13.7833696312793,350,4,4,1,13075,13075,130750039039,Vorpommern-Greifswald,Landkreis,43,--,ja,13,0,75,0,0,0,R,DE80N,130750000000,13075000,2011-09-04T00:00:00,236697,3945.58,DEBKGDL1000055W3,771492.240865722,3803315948.93719
53.4503419847251,11.5338931933888,351,4,4,1,13076,13076,130760108108,Ludwigslust-Parchim,Landkreis,43,--,ja,13,0,76,0,0,0,R,DE80O,130760000000,13076000,2014-11-01T00:00:00,212618,4766.79,DEBKGDL1000055XC,514486.038292246,4764783501.00316
50.8264223689466,12.911961835108,352,4,4,1,14511,14511,145110000000,Chemnitz,Kreisfreie Stadt,40,--,ja,14,5,11,0,0,0,K,DED41,145110000000,14511000,2008-08-01T00:00:00,247237,221.05,DEBKGDL1000055Y7,86920.8044031864,221345309.61323
50.608748507912,12.9450488389005,353,4,4,1,14521,14521,145210020020,Erzgebirgskreis,Landkreis,43,--,nein,14,5,21,0,0,0,K,DED42,145210000000,14521000,2012-12-01T00:00:00,337696,1827.9,DEBKGDL10000561W,298383.719823654,1832712326.56649
50.9556713070727,13.1379838869048,354,4,4,1,14522,14522,145220180180,Mittelsachsen,Landkreis,43,--,ja,14,5,22,0,0,0,K,DED43,145220000000,14522000,2015-07-01T00:00:00,306185,2116.85,DEBKGDL1000055TP,342993.170467066,2117740513.41357
50.4564863938827,12.2353694251713,355,4,4,1,14523,14523,145230320320,Vogtlandkreis,Landkreis,43,--,nein,14,5,23,0,0,0,K,DED44,145230000000,14523000,2009-01-01T00:00:00,227796,1412.45,DEBKGDL1000055WG,280033.653876057,1413591527.14709
50.7505842181237,12.5256368305392,356,4,4,1,14524,14524,145240330330,Zwickau,Landkreis,43,--,ja,14,5,24,0,0,0,K,DED45,145240000000,14524000,2012-12-01T00:00:00,317531,949.76,DEBKGDL10000561V,221599.969222564,950196472.932314
51.0666436273123,13.7831195756412,357,4,4,1,14612,14612,146120000000,Dresden,Kreisfreie Stadt,40,--,ja,14,6,12,0,0,0,K,DED21,146120000000,14612000,2008-08-01T00:00:00,554649,328.48,DEBKGDL10000562P,112858.323175557,329292012.892294
51.2688250911439,14.230966351859,358,4,4,1,14625,14625,146250020020,Bautzen,Landkreis,43,--,ja,14,6,25,0,0,0,K,DED2C,146250000000,14625000,2009-01-01T00:00:00,300880,2395.61,DEBKGDL10000563Z,323695.588491638,2400194421.9142
51.2251280656776,14.7506608069204,359,4,4,1,14626,14626,146260110110,Görlitz,Landkreis,43,--,ja,14,6,26,0,0,0,K,DED2D,146260000000,14626000,2009-01-01T00:00:00,254894,2111.42,DEBKGDL10000563Y,322097.174993323,2115636295.46725
51.2393039800108,13.4827267038218,360,4,4,1,14627,14627,146270140140,Meißen,Landkreis,43,--,ja,14,6,27,0,0,0,K,DED2E,146270000000,14627000,2015-07-01T00:00:00,242165,1454.59,DEBKGDL1000055U1,242166.372574143,1460942619.44026
50.9168550031828,13.8732329985701,361,4,4,1,14628,14628,146285229270,Sächsische Schweiz-Osterzgebirge,Landkreis,43,--,ja,14,6,28,0,0,0,K,DED2F,146280000000,14628000,2013-04-11T00:00:00,245611,1654.19,DEBKGDL10000563A,265329.57721663,1655812190.72724
51.3423979844523,12.3748354804169,362,4,4,1,14713,14713,147130000000,Leipzig,Kreisfreie Stadt,40,--,ja,14,7,13,0,0,0,K,DED51,147130000000,14713000,2008-08-01T00:00:00,587857,297.8,DEBKGDL10000563B,109630.762085536,299360794.978936
51.2212806666687,12.5988041530719,363,4,4,1,14729,14729,147290050050,Leipzig,Landkreis,43,--,ja,14,7,29,0,0,0,K,DED52,147290000000,14729000,2014-02-01T00:00:00,257763,1651.31,DEBKGDL10000562O,310896.934513976,1653070920.53235
51.4730490410904,12.7798095001945,364,4,4,1,14730,14730,147305311310,Nordsachsen,Landkreis,43,--,ja,14,7,30,0,0,0,K,DED53,147300000000,14730000,2008-08-01T00:00:00,197673,2028.55,DEBKGDL10000562N,378765.194832965,2031419180.71362
51.8539197420421,12.2310903007422,365,4,4,1,15001,15001,150010000000,Dessau-Roßlau,Kreisfreie Stadt,40,--,ja,15,0,1,0,0,0,R,DEE01,150010000000,15001000,2007-07-01T00:00:00,81237,244.71,DEBKGDL100005639,105271.91032873,246032109.902351
51.4801091885467,11.9688983730547,366,4,4,1,15002,15002,150020000000,Halle (Saale),Kreisfreie Stadt,40,--,ja,15,0,2,0,0,0,R,DEE02,150020000000,15002000,2007-07-01T00:00:00,239257,135.03,DEBKGDL1000055TI,72732.324236777,136195309.602527
52.1165887319688,11.641241312476,367,4,4,1,15003,15003,150030000000,Magdeburg,Kreisfreie Stadt,40,--,ja,15,0,3,0,0,0,R,DEE03,150030000000,15003000,2007-07-01T00:00:00,238697,201.01,DEBKGDL1000055V4,80900.6389101619,198552655.776423
52.6797731217907,11.227040977171,368,4,4,1,15081,15081,150810455455,Altmarkkreis Salzwedel,Landkreis,43,--,nein,15,0,81,0,0,0,R,DEE04,150810000000,15081000,2009-01-01T00:00:00,83765,2293.35,DEBKGDL100005620,296039.311113525,2305047611.68479
51.7950803219165,12.1434499347409,369,4,4,1,15082,15082,150820180180,Anhalt-Bitterfeld,Landkreis,43,--,ja,15,0,82,0,0,0,R,DEE05,150820000000,15082000,2009-01-01T00:00:00,159854,1453.81,DEBKGDL100005638,317846.973847168,1460383209.90954
52.220152032385,11.3475257089052,370,4,4,1,15083,15083,150830270270,Börde,Landkreis,43,--,ja,15,0,83,0,0,0,R,DEE07,150830000000,15083000,2009-01-01T00:00:00,171734,2366.92,DEBKGDL10000562C,357462.345388594,2379970914.49746
51.1473795506775,11.8834761590875,371,4,4,1,15084,15084,150840355355,Burgenlandkreis,Landkreis,43,--,nein,15,0,84,0,0,0,R,DEE08,150840000000,15084000,2014-02-01T00:00:00,180190,1413.75,DEBKGDL1000055W9,275263.31783468,1418567667.27615
51.8209811950685,10.958620084183,372,4,4,1,15085,15085,150850135135,Harz,Landkreis,43,--,ja,15,0,85,0,0,0,R,DEE09,150850000000,15085000,2009-01-01T00:00:00,214446,2104.75,DEBKGDL1000055ZW,299649.409164321,2110165211.79693
52.2607863964357,12.0257443953388,373,4,4,1,15086,15086,150860015015,Jerichower Land,Landkreis,43,--,ja,15,0,86,0,0,0,R,DEE06,150860000000,15086000,2009-01-01T00:00:00,89928,1576.94,DEBKGDL1000055UP,240400.893287186,1591879063.3376
51.5357046295961,11.3567616445411,374,4,4,1,15087,15087,150870370370,Mansfeld-Südharz,Landkreis,43,--,ja,15,0,87,0,0,0,R,DEE0A,150870000000,15087000,2009-01-01T00:00:00,136249,1448.93,DEBKGDL100005601,303992.645006128,1454842721.25556
51.4255347384239,11.8651867098145,375,4,4,1,15088,15088,150880220220,Saalekreis,Landkreis,43,--,nein,15,0,88,0,0,0,R,DEE0B,150880000000,15088000,2007-07-01T00:00:00,184582,1433.92,DEBKGDL10000562A,354204.899871633,1438615336.89598
51.8516552020321,11.6430369498176,376,4,4,1,15089,15089,150890030030,Salzlandkreis,Landkreis,43,--,nein,15,0,89,0,0,0,R,DEE0C,150890000000,15089000,2007-07-12T00:00:00,190560,1427.33,DEBKGDL10000561A,245936.035109917,1435264529.33973
52.6963915218151,11.8396934484575,377,4,4,1,15090,15090,150900535535,Stendal,Landkreis,43,--,ja,15,0,90,0,0,0,R,DEE0D,150900000000,15090000,2007-07-01T00:00:00,111982,2423.41,DEBKGDL10000563U,377972.804039909,2434338839.09563
51.8201882309122,12.7018338066049,378,4,4,1,15091,15091,150910375375,Wittenberg,Landkreis,43,--,ja,15,0,91,0,0,0,R,DEE0E,150910000000,15091000,2009-01-01T00:00:00,125840,1930.48,DEBKGDL1000055UA,273754.057414542,1943298677.95607
50.9828789575821,11.0202811669769,379,4,4,1,16051,16051,160510000000,Erfurt,Kreisfreie Stadt,40,--,ja,16,0,51,0,0,0,R,DEG01,160510000000,16051000,1994-10-12T00:00:00,213699,269.91,DEBKGDL1000055WB,100918.706250364,271403395.346165
50.8938728528741,12.0830762149835,380,4,4,1,16052,16052,160520000000,Gera,Kreisfreie Stadt,40,--,ja,16,0,52,0,0,0,R,DEG02,160520000000,16052000,1994-07-01T00:00:00,94152,152.18,DEBKGDL10000561O,69647.3036488555,153045323.876957
50.9243204296833,11.586922426897,381,4,4,1,16053,16053,160530000000,Jena,Kreisfreie Stadt,40,--,ja,16,0,53,0,0,0,R,DEG03,160530000000,16053000,1994-07-01T00:00:00,111407,114.77,DEBKGDL1000055YQ,64648.1876605009,114940253.220552
50.6115036949266,10.6874411340755,382,4,4,1,16054,16054,160540000000,Suhl,Kreisfreie Stadt,40,--,ja,16,0,54,0,0,0,R,DEG04,160540000000,16054000,1994-07-01T00:00:00,34835,103.03,DEBKGDL10000561E,75268.7758860814,102170499.827732
50.9781945784835,11.3177222935973,383,4,4,1,16055,16055,160550000000,Weimar,Kreisfreie Stadt,40,--,ja,16,0,55,0,0,0,R,DEG05,160550000000,16055000,1994-07-01T00:00:00,65090,84.48,DEBKGDL1000055VM,59835.2640683403,84469618.3986196
50.9894757809982,10.3000519243032,384,4,4,1,16056,16056,160560000000,Eisenach,Kreisfreie Stadt,40,--,ja,16,0,56,0,0,0,R,DEG0N,160560000000,16056000,1998-01-01T00:00:00,42370,104.17,DEBKGDL1000055UE,63330.5620960417,104023305.874592
51.3836412522601,10.2531165094384,385,4,4,1,16061,16061,160610045045,Eichsfeld,Landkreis,43,--,ja,16,0,61,0,0,0,R,DEG06,160610000000,16061000,2009-01-01T00:00:00,100380,943.08,DEBKGDL1000055VL,192003.230077339,942603699.417736
51.5023163691009,10.7307480265393,386,4,4,1,16062,16062,160620041041,Nordhausen,Landkreis,43,--,ja,16,0,62,0,0,0,R,DEG07,160620000000,16062000,2009-01-01T00:00:00,83822,713.91,DEBKGDL1000055ZG,172727.44341358,711574687.413602
50.8854404759642,10.2101764934104,387,4,4,1,16063,16063,160635051003,Wartburgkreis,Landkreis,43,--,nein,16,0,63,0,0,0,R,DEG0P,160630000000,16063000,2009-01-01T00:00:00,123025,1307.46,DEBKGDL1000055UF,392091.970619594,1304236582.94513
51.1852629752605,10.5519410542642,388,4,4,1,16064,16064,160640046046,Unstrut-Hainich-Kreis,Landkreis,43,--,nein,16,0,64,0,0,0,R,DEG09,160640000000,16064000,2009-01-01T00:00:00,102912,979.68,DEBKGDL1000055ZQ,205432.097705656,979134275.134748
51.3250501210683,10.9848067104423,389,4,4,1,16065,16065,160650067067,Kyffhäuserkreis,Landkreis,43,--,nein,16,0,65,0,0,0,R,DEG0A,160650000000,16065000,2009-01-01T00:00:00,75009,1037.89,DEBKGDL1000055YS,253638.837037825,1038947745.90074
50.6306581004403,10.4050056478516,390,4,4,1,16066,16066,160665050042,Schmalkalden-Meiningen,Landkreis,43,--,ja,16,0,66,0,0,0,R,DEG0B,160660000000,16066000,2009-01-01T00:00:00,122347,1210.73,DEBKGDL10000563D,265789.554232942,1209138522.99964
50.9104550705915,10.6936135768906,391,4,4,1,16067,16067,160670029029,Gotha,Landkreis,43,--,ja,16,0,67,0,0,0,R,DEG0C,160670000000,16067000,2009-01-01T00:00:00,135452,936.08,DEBKGDL100005608,190091.583739295,936360825.152833
51.1577425766312,11.1547993646192,392,4,4,1,16068,16068,160680051051,Sömmerda,Landkreis,43,--,ja,16,0,68,0,0,0,R,DEG0D,160680000000,16068000,2009-01-01T00:00:00,69655,806.88,DEBKGDL1000055XH,218821.994852283,807039277.038269
50.4338504316232,10.7340552615612,393,4,4,1,16069,16069,160690024024,Hildburghausen,Landkreis,43,--,ja,16,0,69,0,0,0,R,DEG0E,160690000000,16069000,2009-01-01T00:00:00,63553,938.43,DEBKGDL10000564N,249862.890075627,937849689.487904
50.7375813434879,10.9658372570179,394,4,4,1,16070,16070,160705050004,Ilm-Kreis,Landkreis,43,--,nein,16,0,70,0,0,0,R,DEG0F,160700000000,16070000,2009-01-01T00:00:00,108742,843.73,DEBKGDL1000055ZS,206012.129647792,841039831.387912
50.9713245381543,11.3730887278304,395,4,4,1,16071,16071,160710001001,Weimarer Land,Landkreis,43,--,ja,16,0,71,0,0,0,R,DEG0G,160710000000,16071000,2009-01-01T00:00:00,81947,804.49,DEBKGDL1000055YU,257901.295809551,804000612.531049
50.4144411817023,11.1332165550721,396,4,4,1,16072,16072,160720018018,Sonneberg,Landkreis,43,--,ja,16,0,72,0,0,0,R,DEG0H,160720000000,16072000,2009-01-01T00:00:00,56196,433.61,DEBKGDL1000055VR,153148.866888382,431591320.2098
50.6375267675324,11.308774785381,397,4,4,1,16073,16073,160730077077,Saalfeld-Rudolstadt,Landkreis,43,--,ja,16,0,73,0,0,0,R,DEG0I,160730000000,16073000,2009-01-01T00:00:00,106356,1036.03,DEBKGDL10000562F,273733.53758729,1037872566.40799
50.9041095105251,11.7312691923694,398,4,4,1,16074,16074,160745052018,Saale-Holzland-Kreis,Landkreis,43,--,nein,16,0,74,0,0,0,R,DEG0J,160740000000,16074000,2009-01-01T00:00:00,83051,815.25,DEBKGDL10000562E,221564.016032795,815163903.130168
50.580429273581,11.7103862171047,399,4,4,1,16075,16075,160750098098,Saale-Orla-Kreis,Landkreis,43,--,nein,16,0,75,0,0,0,R,DEG0K,160750000000,16075000,2009-01-01T00:00:00,80868,1151.33,DEBKGDL1000055WF,242748.241577315,1152763603.36626
50.748259243493,12.0739235294718,400,4,4,1,16076,16076,160765052022,Greiz,Landkreis,43,--,ja,16,0,76,0,0,0,R,DEG0L,160760000000,16076000,2009-01-01T00:00:00,98159,845.96,DEBKGDL10000563K,264738.876787512,847249707.91415
50.9563909696824,12.3988544074036,401,4,4,1,16077,16077,160770001001,Altenburger Land,Landkreis,43,--,ja,16,0,77,0,0,0,R,DEG0M,160770000000,16077000,2014-02-01T00:00:00,90118,569.41,DEBKGDL10000563L,149240.372271434,569823417.890062
52.5038164122974,13.428237714845,414,,,,11002,11002,,Berlin Friedrichshain-Kreuzberg,Kreisfreie Stadt,,,,,,,,,,,,,,,289762,,,20428655.7543945,32780.5909146972
52.5328719807878,13.3659080220966,413,,,,11001,11001,,Berlin Mitte,Kreisfreie Stadt,,,,,,,,,,,,,,,384172,,,39452105.0620117,35771.879143497
52.4410683820599,13.4549829775503,408,,,,11008,11008,,Berlin Neukölln,Kreisfreie Stadt,,,,,,,,,,,,,,,329691,,,44996873.6523438,40651.1686972196
52.5211109923151,13.5788411168743,410,,,,11010,11010,,Berlin Marzahn-Hellersdorf,Kreisfreie Stadt,,,,,,,,,,,,,,,268548,,,61914765.7182617,41111.1766110066
52.5010372526877,13.270222189812,405,,,,11004,11004,,Berlin Charlottenburg-Wilmersdorf,Kreisfreie Stadt,,,,,,,,,,,,,,,342332,,,64774504.5493164,43768.285631833
52.5348829637751,13.5097609678065,409,,,,11011,11011,,Berlin Lichtenberg,Kreisfreie Stadt,,,,,,,,,,,,,,,291452,,,52197995.7641602,46276.6771709678
52.4410977015005,13.3807489464413,415,,,,11007,11007,,Berlin Tempelhof-Schöneberg,Kreisfreie Stadt,,,,,,,,,,,,,,,351644,,,53122950.2021484,46308.5674125585
52.5956760098369,13.2913418327817,404,,,,11012,11012,,Berlin Reinickendorf,Kreisfreie Stadt,,,,,,,,,,,,,,,265225,,,89436651.1298828,52066.3787897586
52.5254314262992,13.1784350952712,411,,,,11005,11005,,Berlin Spandau,Kreisfreie Stadt,,,,,,,,,,,,,,,243977,,,92940423.4116211,60759.065594004
52.4348589035044,13.2390662502969,412,,,,11006,11006,,Berlin Steglitz-Zehlendorf,Kreisfreie Stadt,,,,,,,,,,,,,,,308697,,,102687173.001465,62943.9339297434
52.5971713113363,13.4402384248734,407,,,,11003,11003,,Berlin Pankow,Kreisfreie Stadt,,,,,,,,,,,,,,,407765,,,103362961.02002,66428.5750865875
52.4295847234023,13.6112591057417,406,,,,11009,11009,,Berlin Treptow-Köpenick,Kreisfreie Stadt,,,,,,,,,,,,,,,271153,,,168005186.256348,91502.1200065657
