,,,,,,,,,,,,,,,,,,,,,
Location,0-4,5-9,10-14,15-19,20-24,25-29,30-34,35-39,40-44,45-49,50-54,55-59,60-64,65-69,70-74,75-79,80-84,85-89,90-94,95-99,100+
World,   677 942,   664 439,   641 267,   612 196,   597 388,   594 692,   605 531,   544 819,   493 789,   479 366,   445 773,   387 849,   322 142,   269 644,   188 677,   123 782,   81 930,   42 186,   16 680,   4 134,573
   Sustainable Development Goal (SDG) regions,,,,,,,,,,,,,,,,,,,,,
      Sub-Saharan Africa,   170 823,   153 576,   135 945,   117 485,   100 168,   85 021,   72 510,   60 907,   49 463,   39 829,   31 465,   24 999,   19 291,   14 094,   9 510,   5 610,   2 604,873,171,20,1
         Eastern Africa,   67 968,   62 070,   56 160,   49 515,   42 593,   35 563,   29 613,   24 495,   19 637,   15 634,   12 183,   9 531,   7 392,   5 457,   3 742,   2 236,   1 099,414,90,12,1
            Burundi,   2 054,   1 819,   1 508,   1 217,   1 043,987,875,664,447,301,260,232,201,138,70,42,22,8,2,0,0
            Comoros,124,114,102,90,80,71,64,54,43,34,28,23,18,12,7,5,2,1,0,0,0
            Djibouti,99,98,89,91,90,87,86,76,67,54,42,36,26,18,14,8,4,2,0,0,0
            Eritrea,495,477,487,374,285,287,269,191,141,140,88,84,68,60,47,30,15,6,2,0,0
            Ethiopia,   16 791,   15 246,   13 853,   12 976,   11 747,   9 692,   7 519,   6 274,   4 934,   4 105,   3 229,   2 475,   2 056,   1 568,   1 188,741,372,152,39,5,0
            Kenya,   7 044,   6 970,   6 736,   6 011,   5 237,   4 358,   4 023,   3 447,   2 759,   2 144,   1 604,   1 202,888,631,381,193,102,36,6,0,0
            Madagascar,   4 109,   3 654,   3 331,   3 012,   2 676,   2 223,   1 830,   1 541,   1 314,   1 074,858,681,529,386,225,135,73,30,8,1,0
            Malawi,   2 924,   2 739,   2 562,   2 176,   1 839,   1 539,   1 292,994,807,630,481,365,278,203,153,91,43,13,2,0,0
            Mauritius,64,69,81,95,94,103,88,87,99,83,85,90,75,63,45,25,15,8,3,1,0
            Mayotte,36,35,35,30,25,19,17,16,15,12,9,7,5,4,3,2,1,1,0,0,0
            Mozambique,   5 157,   4 561,   4 054,   3 541,   2 913,   2 382,   1 962,   1 627,   1 288,   1 002,783,618,475,369,262,159,77,24,4,0,0
            Réunion,65,68,68,71,64,54,49,50,57,60,65,60,50,41,28,20,13,8,3,1,0
            Rwanda,   1 885,   1 676,   1 552,   1 354,   1 184,   1 027,979,834,609,461,354,374,259,186,109,65,26,16,2,0,0
            Seychelles,8,8,7,6,6,7,7,7,7,7,7,6,5,3,2,2,1,0,0,0,0
            Somalia,   2 827,   2 389,   2 119,   1 818,   1 534,   1 160,869,666,561,493,407,327,263,200,135,76,36,12,3,0,0
            South Sudan,   1 707,   1 538,   1 380,   1 201,   1 062,901,744,590,492,405,332,263,201,144,112,70,34,12,3,0,0
            Uganda,   7 796,   7 060,   6 192,   5 257,   4 328,   3 544,   2 849,   2 253,   1 765,   1 368,   1 066,787,568,407,261,151,64,22,3,0,0
Tanzania,   9 739,   8 624,   7 655,   6 434,   5 263,   4 584,   3 903,   3 259,   2 685,   2 136,   1 661,   1 266,948,675,472,269,122,36,5,0,0
            Zambia,   2 946,   2 717,   2 429,   2 122,   1 747,   1 433,   1 193,992,808,606,434,328,238,166,113,67,33,11,2,0,0
            Zimbabwe,   2 097,   2 211,   1 921,   1 639,   1 378,   1 105,995,873,738,520,389,309,240,185,115,86,44,15,3,0,0
         Middle Africa,   30 781,   26 967,   23 136,   19 226,   15 863,   13 347,   11 210,   9 229,   7 458,   6 026,   4 742,   3 783,   2 868,   2 072,   1 438,861,417,141,29,3,0
            Angola,   5 795,   5 104,   4 349,   3 533,   2 883,   2 423,   2 041,   1 659,   1 331,   1 082,787,677,482,304,213,119,60,20,4,0,0
            Cameroon,   4 116,   3 730,   3 320,   2 856,   2 420,   2 132,   1 861,   1 539,   1 203,939,729,559,420,313,210,123,57,16,2,0,0
            Central African Republic,738,697,667,597,483,357,277,224,183,157,129,104,81,58,38,24,11,3,1,0,0
            Chad,   2 930,   2 522,   2 184,   1 855,   1 536,   1 246,990,780,610,473,362,292,236,181,112,68,34,12,3,0,0
            Congo,822,770,685,573,476,398,354,326,294,242,189,139,97,67,44,26,12,3,0,0,0
            Democratic Republic of the Congo,   15 827,   13 660,   11 528,   9 473,   7 730,   6 440,   5 341,   4 421,   3 629,   2 976,   2 422,   1 925,   1 486,   1 099,789,480,233,82,19,2,0
            Equatorial Guinea,200,172,144,121,138,148,144,105,69,47,37,25,20,15,9,6,3,1,0,0,0
            Gabon,320,280,229,193,179,188,189,161,129,103,79,55,41,31,22,15,8,3,0,0,0
            Sao Tome and Principe,32,31,29,25,19,15,14,13,11,8,7,5,4,3,2,1,1,0,0,0,0
         Southern Africa,   6 770,   6 775,   6 384,   5 730,   5 689,   5 936,   6 016,   5 350,   4 270,   3 587,   2 959,   2 442,   1 980,   1 509,992,644,331,117,21,2,0
            Botswana,272,267,247,226,204,199,187,178,149,112,80,66,59,45,30,19,8,3,1,0,0
            Eswatini,144,143,148,129,113,100,83,79,60,44,30,22,20,17,14,9,5,2,0,0,0
            Lesotho,254,225,212,217,204,191,175,153,119,91,75,66,55,42,30,19,10,5,1,0,0
            Namibia,336,318,282,245,244,228,197,159,131,107,82,68,51,36,24,17,9,4,1,0,0
            South Africa,   5 765,   5 821,   5 496,   4 913,   4 924,   5 217,   5 374,   4 781,   3 810,   3 233,   2 692,   2 219,   1 795,   1 370,895,581,298,104,18,1,0
         Western Africa,   65 305,   57 765,   50 265,   43 015,   36 023,   30 175,   25 672,   21 833,   18 098,   14 582,   11 580,   9 243,   7 051,   5 055,   3 338,   1 869,757,202,31,3,0
            Benin,   1 908,   1 689,   1 488,   1 291,   1 116,946,785,651,539,443,363,287,219,161,111,74,35,13,3,0,0
            Burkina Faso,   3 472,   3 080,   2 723,   2 307,   1 920,   1 588,   1 320,   1 108,893,694,554,424,317,222,148,86,36,10,2,0,0
            Cabo Verde,52,53,51,49,46,52,53,46,36,29,25,23,15,11,5,4,4,2,1,0,0
            Cote d'Ivoire,   4 131,   3 619,   3 199,   2 906,   2 538,   2 123,   1 741,   1 431,   1 185,932,739,599,475,347,215,127,55,14,2,0,0
            Gambia,410,353,300,257,228,201,160,123,98,76,66,50,34,25,19,11,5,1,0,0,0
            Ghana,   4 169,   3 888,   3 480,   3 137,   2 860,   2 538,   2 266,   1 924,   1 626,   1 405,   1 189,946,667,424,298,158,70,21,4,0,0
            Guinea,   2 100,   1 866,   1 688,   1 512,   1 305,   1 061,828,642,500,398,333,282,230,178,106,65,29,8,1,0,0
            Guinea-Bissau,305,277,243,207,181,161,139,116,88,69,51,41,33,27,16,9,4,1,0,0,0
            Liberia,740,678,623,552,463,378,334,296,245,199,158,126,97,71,45,31,15,5,1,0,0
            Mali,   3 606,   3 155,   2 759,   2 250,   1 776,   1 428,   1 167,993,827,659,489,360,280,221,141,90,37,11,2,0,0
            Mauritania,690,618,537,470,416,372,334,285,235,188,150,117,89,62,42,26,13,5,1,0,0
            Niger,   4 787,   3 971,   3 266,   2 635,   2 087,   1 630,   1 266,993,838,691,561,486,367,278,190,106,42,11,2,0,0
            Nigeria,   33 939,   29 914,   25 793,   21 910,   18 069,   15 109,   13 045,   11 324,   9 459,   7 579,   5 943,   4 757,   3 657,   2 602,   1 717,907,333,75,9,1,0
            Senegal,   2 615,   2 417,   2 099,   1 765,   1 519,   1 304,   1 111,941,742,590,467,367,286,220,146,94,45,14,2,0,0
            Sierra Leone,   1 159,   1 067,992,875,754,651,554,463,373,300,236,183,136,98,68,40,19,6,1,0,0
            Togo,   1 220,   1 120,   1 024,891,744,632,567,497,415,330,255,196,148,108,72,40,16,4,1,0,0
      Northern Africa and Western Asia,   56 062,   54 728,   48 295,   43 672,   42 755,   43 849,   43 282,   39 546,   34 383,   28 770,   24 005,   20 099,   15 857,   12 040,   8 059,   5 220,   3 247,   1 494,428,72,7
         Northern Africa,   29 087,   27 916,   23 483,   20 779,   19 864,   19 657,   19 024,   17 445,   14 899,   12 382,   10 737,   9 236,   7 511,   5 688,   3 862,   2 408,   1 436,623,166,27,3
            Algeria,   5 042,   4 636,   3 821,   2 910,   3 000,   3 574,   3 728,   3 548,   3 014,   2 435,   2 062,   1 738,   1 387,   1 143,724,514,344,171,51,9,1
            Egypt,   12 697,   12 331,   9 684,   8 701,   8 417,   8 095,   8 065,   7 133,   6 041,   4 908,   4 213,   3 632,   2 961,   2 161,   1 666,865,484,210,59,10,1
            Libya,624,661,624,562,542,553,585,578,565,485,372,245,164,120,80,59,34,14,4,0,0
            Morocco,   3 325,   3 428,   3 128,   2 970,   2 874,   3 009,   2 863,   2 744,   2 360,   2 092,   1 925,   1 819,   1 567,   1 168,682,515,310,111,20,1,0
            Sudan,   6 339,   5 790,   5 323,   4 801,   4 159,   3 468,   2 799,   2 404,   2 027,   1 700,   1 425,   1 128,875,661,455,278,143,56,15,3,0
            Tunisia,   1 004,   1 014,853,787,821,904,928,986,847,726,711,650,539,424,250,174,120,62,16,3,0
            Western Sahara,56,56,50,49,50,55,56,53,46,37,29,23,18,11,5,3,1,0,0,0,0
         Western Asia,   26 975,   26 813,   24 812,   22 893,   22 891,   24 192,   24 258,   22 101,   19 484,   16 388,   13 269,   10 863,   8 345,   6 351,   4 197,   2 812,   1 811,871,262,45,4
            Armenia,205,214,198,170,176,232,267,237,191,162,163,199,197,131,84,42,59,22,9,1,0
            Azerbaijan,825,861,698,637,719,890,941,825,664,617,628,653,497,308,152,91,88,35,9,1,0
            Bahrain,108,110,93,89,92,215,293,214,148,108,81,59,45,21,11,7,4,1,1,0,0
            Cyprus,65,68,68,74,93,98,96,92,87,79,76,72,65,55,46,33,23,11,4,1,0
            Georgia,268,285,253,218,233,267,290,275,264,254,246,278,249,211,150,98,96,37,14,2,0
            Iraq,   5 380,   5 230,   4 559,   4 152,   3 800,   3 366,   2 927,   2 476,   2 150,   1 787,   1 415,926,670,623,332,242,127,48,12,2,0
            Israel,848,823,738,667,624,573,565,558,544,497,418,378,350,354,289,171,124,84,40,12,1
            Jordan,   1 058,   1 154,   1 140,   1 040,940,862,777,713,607,535,433,322,217,149,112,79,43,16,4,0,0
            Kuwait,290,319,308,225,207,238,366,512,515,451,347,214,149,71,32,16,8,2,0,0,0
            Lebanon,566,586,559,576,593,583,522,488,453,410,390,334,249,198,131,80,63,33,8,1,0
            Oman,454,379,316,215,329,756,868,572,400,285,182,134,90,53,28,25,13,6,2,1,0
            Qatar,135,135,122,106,237,480,495,351,255,207,156,99,54,28,13,4,2,1,1,0,0
            Saudi Arabia,   2 978,   2 978,   2 641,   2 219,   2 333,   3 022,   3 438,   3 542,   3 578,   2 831,   1 892,   1 325,819,555,293,201,106,45,15,3,0
            State of Palestine,693,672,592,517,499,467,370,294,247,201,167,130,88,64,48,29,15,5,1,0,0
            Syria,   1 919,   1 717,   1 750,   1 575,   1 604,   1 496,   1 521,   1 386,   1 095,834,689,596,465,357,209,146,85,42,12,2,0
            Turkey,   6 567,   6 852,   6 773,   6 822,   6 770,   6 404,   6 395,   6 380,   6 008,   5 439,   4 755,   4 153,   3 446,   2 746,   1 970,   1 383,877,453,125,18,1
            United Arab Emirates,499,513,453,390,716,   1 434,   1 796,   1 374,916,692,457,341,186,57,36,20,7,4,1,0,0
            Yemen,   4 115,   3 918,   3 549,   3 202,   2 925,   2 808,   2 329,   1 811,   1 362,   1 001,773,650,509,370,259,144,69,24,6,1,0
      Central and Southern Asia,   185 077,   182 907,   187 491,   184 164,   178 534,   171 785,   163 854,   149 206,   128 921,   111 823,   97 195,   83 084,   67 032,   50 794,   33 022,   21 088,   11 943,   5 014,   1 419,299,57
         Central Asia,   8 130,   7 892,   6 632,   5 448,   5 692,   6 569,   6 572,   5 362,   4 502,   3 982,   3 498,   3 428,   2 647,   1 818,889,568,474,169,59,9,1
            Kazakhstan,   1 920,   1 948,   1 604,   1 117,   1 100,   1 473,   1 658,   1 336,   1 184,   1 103,978,   1 062,811,628,320,233,216,62,23,3,0
            Kyrgyzstan,760,769,601,500,514,569,572,443,361,325,296,285,220,144,79,33,33,16,4,1,0
            Tajikistan,   1 357,   1 221,977,811,834,815,786,604,473,410,372,329,246,142,78,40,30,10,3,0,0
            Turkmenistan,661,672,524,485,462,548,525,433,378,319,284,252,201,133,69,35,33,13,5,1,0
            Uzbekistan,   3 432,   3 282,   2 925,   2 535,   2 782,   3 165,   3 030,   2 547,   2 105,   1 825,   1 569,   1 500,   1 168,771,344,228,164,68,24,4,0
         Southern Asia,   176 947,   175 016,   180 859,   178 716,   172 842,   165 216,   157 283,   143 844,   124 419,   107 841,   93 696,   79 657,   64 385,   48 976,   32 133,   20 521,   11 468,   4 846,   1 360,290,56
            Afghanistan,   5 673,   5 416,   5 192,   4 629,   3 926,   3 109,   2 478,   2 056,   1 659,   1 305,   1 032,808,613,445,312,168,76,24,5,1,0
            Bangladesh,   14 328,   14 644,   15 089,   15 585,   15 239,   14 526,   13 763,   12 749,   11 225,   9 426,   8 305,   6 701,   4 500,   2 796,   2 357,   1 739,   1 021,483,167,39,6
            Bhutan,64,62,66,70,74,79,76,63,50,39,33,26,21,16,13,9,6,3,1,0,0
            India,   116 880,   117 982,   126 156,   126 046,   122 505,   117 397,   112 176,   103 460,   90 220,   79 440,   68 876,   59 256,   48 891,   38 260,   24 091,   15 084,   8 489,   3 531,993,223,48
            Iran,   7 638,   6 928,   6 218,   5 530,   5 556,   6 787,   8 467,   8 273,   6 491,   5 164,   4 618,   3 677,   3 132,   2 265,   1 448,907,552,277,57,8,1
            Maldives,36,37,33,26,51,89,83,55,37,28,20,15,12,7,4,4,3,1,0,0,0
            Nepal,   2 707,   2 756,   2 931,   3 189,   3 222,   2 665,   2 069,   1 723,   1 597,   1 449,   1 263,   1 044,823,665,474,338,153,54,13,2,0
            Pakistan,   27 963,   25 499,   23 452,   21 976,   20 772,   19 158,   16 818,   13 998,   11 616,   9 633,   8 231,   6 892,   5 279,   3 623,   2 706,   1 853,962,365,85,11,1
            Sri Lanka,   1 660,   1 690,   1 722,   1 665,   1 496,   1 406,   1 352,   1 468,   1 524,   1 357,   1 317,   1 238,   1 114,899,727,419,208,106,38,7,1
      Eastern and South-Eastern Asia,   150 090,   154 894,   150 575,   149 141,   155 244,   166 006,   193 774,   166 530,   159 119,   182 024,   179 980,   148 159,   119 562,   107 098,   70 406,   44 366,   28 373,   14 557,   5 313,   1 296,204
         Eastern Asia,   94 139,   97 816,   95 357,   94 118,   100 453,   112 060,   143 197,   116 175,   113 089,   138 863,   141 151,   114 957,   92 673,   87 842,   58 124,   36 524,   23 549,   12 260,   4 487,   1 091,166
            China,   83 932,   86 735,   84 263,   82 342,   87 158,   97 989,   128 739,   100 091,   96 274,   119 838,   123 445,   98 740,   77 514,   74 150,   44 950,   26 545,   16 181,   7 582,   2 305,475,75
"            China, Hong Kong SAR",363,302,286,267,374,493,536,586,566,564,569,639,589,460,344,181,178,120,60,18,4
"            China, Macao SAR",36,33,24,22,36,52,68,62,44,49,47,53,45,34,21,9,7,4,2,1,0
Taiwan*,   1 011,   1 042,976,   1 213,   1 502,   1 618,   1 622,   1 927,   2 032,   1 755,   1 807,   1 853,   1 684,   1 417,903,586,438,272,122,33,4
            Dem. People's Republic of Korea,   1 746,   1 684,   1 685,   1 876,   1 941,   1 985,   1 851,   1 791,   1 556,   2 158,   2 140,   1 482,   1 473,662,745,559,309,106,25,4,0
            Japan,   4 778,   5 401,   5 565,   5 703,   5 997,   6 150,   6 790,   7 666,   8 468,   10 005,   8 659,   7 883,   7 496,   8 379,   9 127,   7 058,   5 339,   3 630,   1 786,518,79
            Mongolia,375,362,282,219,228,272,309,255,223,200,168,146,98,61,36,24,13,6,2,0,0
"Korea, South",   1 897,   2 257,   2 277,   2 476,   3 216,   3 500,   3 282,   3 797,   3 925,   4 294,   4 316,   4 161,   3 775,   2 679,   1 998,   1 563,   1 084,540,185,43,4
         South-Eastern Asia,   55 951,   57 078,   55 218,   55 023,   54 791,   53 946,   50 576,   50 355,   46 030,   43 161,   38 829,   33 202,   26 889,   19 256,   12 283,   7 841,   4 825,   2 297,827,204,38
            Brunei,32,35,31,34,35,34,38,38,36,32,28,22,17,11,6,3,2,1,0,0,0
            Cambodia,   1 779,   1 752,   1 640,   1 460,   1 528,   1 589,   1 241,   1 648,627,802,733,655,454,363,221,131,63,26,6,1,0
            Indonesia,   23 658,   24 298,   22 985,   23 318,   22 653,   20 918,   19 973,   21 193,   19 681,   18 166,   15 955,   13 200,   10 395,   7 136,   4 618,   2 957,   1 632,593,169,23,2
            Laos,797,770,758,709,692,671,591,496,417,356,289,238,184,134,85,52,27,10,2,0,0
            Malaysia,   2 635,   2 508,   2 446,   2 670,   2 863,   2 907,   2 930,   2 722,   2 096,   1 895,   1 674,   1 472,   1 224,928,658,367,230,103,31,7,1
            Myanmar,   4 509,   4 513,   4 845,   5 071,   4 759,   4 404,   4 128,   3 945,   3 760,   3 460,   3 051,   2 522,   2 050,   1 554,891,532,280,108,25,3,0
            Philippines,   10 616,   11 398,   10 907,   10 463,   10 104,   9 480,   8 247,   7 255,   6 552,   5 759,   5 117,   4 250,   3 393,   2 486,   1 661,978,581,241,76,15,2
            Singapore,258,221,241,265,398,436,435,462,473,492,466,480,444,356,190,99,73,40,17,4,1
            Thailand,   3 596,   3 844,   4 114,   4 379,   4 808,   4 822,   4 467,   4 763,   5 309,   5 605,   5 599,   5 082,   4 368,   3 257,   2 282,   1 584,   1 071,564,225,53,9
            Timor-Leste,178,154,154,153,130,115,90,69,47,54,48,40,30,20,18,11,5,2,0,0,0
            Vietnam,   7 892,   7 586,   7 098,   6 501,   6 820,   8 569,   8 437,   7 764,   7 034,   6 539,   5 868,   5 242,   4 331,   3 012,   1 652,   1 127,861,609,275,98,24
      Latin America and the Caribbean,   51 690,   52 197,   52 365,   53 546,   54 037,   53 313,   50 967,   48 480,   44 262,   39 865,   36 212,   32 150,   26 227,   20 888,   15 033,   10 348,   6 718,   3 616,   1 554,425,69
         Caribbean,   3 405,   3 514,   3 502,   3 454,   3 395,   3 293,   3 235,   2 937,   2 558,   2 691,   2 626,   2 446,   1 849,   1 537,   1 177,866,561,302,133,43,9
            Antigua and Barbuda,7,7,7,7,8,7,7,7,7,7,7,6,5,3,3,2,1,1,0,0,0
            Aruba,6,6,7,7,8,7,5,6,7,8,8,9,8,6,4,3,2,1,0,0,0
            Bahamas,27,27,31,33,33,33,28,27,28,29,26,24,18,12,8,6,3,1,0,0,0
            Barbados,15,15,18,19,19,19,18,19,19,20,20,20,19,15,12,8,6,4,2,1,0
            Cuba,571,628,604,643,701,720,831,692,618,944,998,969,607,567,449,355,230,122,56,18,3
            Curaçao,9,10,10,11,10,10,9,9,9,11,12,13,11,9,8,5,4,2,1,0,0
            Dominica,   1 003,997,977,959,940,915,826,739,668,606,541,473,389,294,204,137,95,53,23,8,2
            Grenada,9,9,9,8,9,10,9,9,7,6,6,6,6,4,3,2,1,1,0,0,0
            Guadeloupe,23,22,29,30,28,19,16,17,22,28,31,31,27,24,19,14,10,6,3,1,0
            Haiti,   1 263,   1 238,   1 202,   1 144,   1 065,979,906,826,627,479,424,366,293,231,151,109,62,27,8,2,0
            Jamaica,231,234,227,240,261,254,232,211,179,179,171,149,124,90,71,49,32,18,7,1,0
            Martinique,18,18,23,24,24,17,17,17,19,25,30,32,28,24,20,14,11,8,3,1,0
            Puerto Rico,84,156,210,184,143,145,157,175,196,203,212,202,196,165,158,116,78,47,22,8,2
            Saint Lucia,11,11,11,13,16,17,14,14,13,13,12,11,8,6,5,3,2,1,1,0,0
            Saint Vincent and the Grenadines,8,8,8,9,9,8,8,8,8,7,7,7,5,4,3,2,1,1,0,0,0
            Trinidad and Tobago,88,96,96,89,86,97,117,126,101,90,83,92,76,60,44,30,16,7,3,1,0
            United States Virgin Islands,6,7,7,7,6,6,5,5,6,6,7,7,7,7,6,5,2,1,0,0,0
         Central America,   16 051,   16 193,   16 068,   16 148,   15 763,   15 251,   13 731,   12 594,   11 531,   10 506,   9 024,   7 610,   6 134,   4 749,   3 269,   2 303,   1 446,821,359,103,16
            Belize,39,39,38,40,39,36,32,28,23,21,17,14,10,7,5,3,2,1,1,0,0
            Costa Rica,348,358,355,363,400,424,431,395,348,302,305,297,244,179,139,92,60,33,15,4,1
            El Salvador,576,571,578,588,633,583,474,408,382,344,303,265,221,185,140,109,75,38,12,2,0
            Guatemala,   2 065,   1 982,   1 926,   1 946,   1 802,   1 611,   1 354,   1 178,956,746,584,470,392,327,221,161,109,59,22,4,0
            Honduras,   1 017,989,   1 024,   1 041,   1 015,891,784,687,580,468,381,299,237,183,123,83,55,32,13,4,0
            Mexico,   10 959,   11 211,   11 141,   11 210,   10 940,   10 796,   9 790,   9 090,   8 532,   8 016,   6 925,   5 833,   4 669,   3 595,   2 467,   1 722,   1 059,610,275,81,13
            Nicaragua,657,660,637,603,585,581,549,506,421,342,274,233,199,149,83,67,43,22,9,2,0
            Panama,389,384,369,357,349,329,317,301,288,268,235,198,160,123,92,66,44,26,12,4,1
         South America,   32 234,   32 490,   32 794,   33 944,   34 879,   34 768,   34 002,   32 948,   30 173,   26 667,   24 563,   22 094,   18 244,   14 602,   10 587,   7 179,   4 711,   2 494,   1 063,280,44
            Argentina,   3 737,   3 710,   3 597,   3 539,   3 477,   3 520,   3 319,   3 122,   3 090,   2 638,   2 302,   2 123,   1 884,   1 645,   1 337,963,635,365,152,36,4
            Bolivia,   1 185,   1 179,   1 161,   1 137,   1 065,974,871,768,668,570,481,403,336,279,225,167,107,60,27,8,2
            Brazil,   14 475,   14 602,   14 942,   16 218,   17 152,   16 953,   17 148,   17 329,   15 661,   13 801,   12 823,   11 598,   9 468,   7 429,   5 309,   3 492,   2 317,   1 175,511,135,21
            Chile,   1 162,   1 266,   1 250,   1 244,   1 403,   1 593,   1 546,   1 400,   1 324,   1 254,   1 215,   1 138,982,809,581,412,274,162,77,20,4
            Colombia,   3 711,   3 703,   3 873,   4 246,   4 421,   4 426,   4 057,   3 753,   3 421,   3 030,   2 908,   2 636,   2 086,   1 685,   1 188,792,516,279,116,31,4
            Ecuador,   1 667,   1 611,   1 555,   1 561,   1 567,   1 470,   1 363,   1 230,   1 099,989,864,727,602,486,328,242,152,82,35,11,3
            French Guiana,36,30,29,29,25,21,19,20,19,17,15,12,10,7,4,3,1,1,0,0,0
            Guyana,74,74,70,75,77,68,44,49,45,45,43,37,30,21,15,8,7,2,1,1,0
            Paraguay,701,683,677,659,678,643,595,514,407,321,291,258,220,182,128,86,54,24,10,2,0
            Peru,   2 833,   2 612,   2 696,   2 439,   2 608,   2 768,   2 693,   2 538,   2 301,   2 046,   1 792,   1 522,   1 247,   1 029,732,523,345,175,59,12,1
            Suriname,52,53,52,51,49,47,43,40,35,38,33,32,22,15,11,7,5,2,1,0,0
            Uruguay,237,236,233,246,254,257,240,222,234,221,196,195,179,149,124,96,70,48,25,9,2
            Venezuela,   2 363,   2 731,   2 658,   2 501,   2 102,   2 029,   2 064,   1 964,   1 868,   1 697,   1 600,   1 415,   1 177,865,604,386,227,119,49,15,3
      Australia/New Zealand,   1 971,   1 953,   1 932,   1 823,   1 919,   2 128,   2 200,   2 138,   1 907,   1 991,   1 870,   1 866,   1 700,   1 473,   1 297,911,620,384,184,49,5
         Australia,   1 670,   1 639,   1 611,   1 520,   1 595,   1 781,   1 875,   1 843,   1 629,   1 677,   1 558,   1 549,   1 419,   1 233,   1 083,763,523,329,157,42,4
         New Zealand,301,314,322,303,324,347,324,295,278,313,312,317,282,240,214,148,97,55,27,6,1
      Oceania (excluding Australia and New Zealand),   1 483,   1 403,   1 335,   1 231,   1 123,975,874,806,710,614,517,428,332,239,147,81,39,14,3,0,0
         Melanesia,   1 362,   1 284,   1 215,   1 120,   1 019,883,790,730,641,543,449,368,284,202,124,67,31,10,2,0,0
            Fiji,89,88,83,75,72,70,67,68,57,49,47,44,34,23,15,8,4,1,0,0,0
            New Caledonia,20,22,22,21,23,20,21,21,20,21,18,17,13,10,8,5,3,1,0,0,0
            Papua New Guinea,   1 107,   1 043,994,924,837,717,637,584,511,428,349,280,217,155,90,47,20,6,1,0,0
            Solomon Islands,103,93,79,70,61,51,43,39,37,32,23,18,13,10,7,5,2,1,0,0,0
            Vanuatu,42,39,37,30,26,25,23,18,16,13,12,9,7,5,3,2,1,0,0,0,0
         Micronesia,54,53,54,49,49,43,38,33,30,30,30,27,22,16,11,5,3,2,0,0,0
            Guam,14,13,13,14,14,13,12,10,10,10,10,10,8,6,5,3,2,1,0,0,0
            Kiribati,15,14,13,10,11,10,9,8,6,5,5,5,3,2,1,1,0,0,0,0,0
            Micronesia (Fed. States of),12,12,12,11,12,11,8,7,6,5,5,5,4,3,1,1,0,0,0,0,0
         Polynesia,68,65,67,61,56,49,46,43,40,41,39,33,26,20,13,9,5,2,1,0,0
            French Polynesia,20,20,23,21,21,19,23,21,19,21,19,17,13,10,6,5,2,1,0,0,0
            Samoa,27,24,23,19,17,15,12,10,10,10,9,8,6,4,3,2,1,0,0,0,0
            Tonga,12,12,12,11,10,7,6,6,5,5,5,4,3,2,2,1,1,0,0,0,0
      Europe and Northern America,   60 746,   62 781,   63 330,   61 134,   63 608,   71 616,   78 069,   77 206,   75 024,   74 451,   74 529,   77 063,   72 141,   63 019,   51 202,   36 158,   28 386,   16 234,   7 607,   1 972,230
         Europe,   39 070,   40 751,   40 249,   37 895,   38 978,   45 039,   52 382,   52 931,   52 260,   52 006,   51 518,   52 751,   48 900,   43 042,   35 049,   25 200,   21 108,   11 802,   5 303,   1 276,125
            Eastern Europe,   16 577,   17 131,   16 046,   13 989,   13 983,   18 293,   23 803,   23 310,   22 116,   20 386,   18 040,   19 971,   20 049,   17 683,   12 068,   7 594,   7 134,   3 195,   1 387,243,19
               Belarus,548,596,485,444,425,652,814,716,653,633,592,754,665,578,270,256,219,101,42,6,0
               Bulgaria,313,337,371,315,299,390,481,477,535,527,477,468,467,455,425,286,192,101,28,5,0
               Czechia,559,555,574,488,471,634,717,761,930,868,694,657,644,681,613,418,235,144,54,11,0
               Hungary,461,447,483,486,518,634,612,645,815,774,648,553,636,670,476,371,240,132,46,13,1
               Poland,   1 885,   1 900,   1 975,   1 735,   1 966,   2 466,   2 826,   3 179,   2 959,   2 577,   2 238,   2 325,   2 725,   2 449,   1 856,   1 045,884,558,239,57,5
Moldova,203,222,217,202,241,330,418,356,302,261,234,287,258,230,105,80,53,26,8,1,0
               Romania,940,965,   1 081,995,   1 010,   1 076,   1 396,   1 190,   1 523,   1 503,   1 526,   1 043,   1 290,   1 246,927,603,537,275,94,17,1
               Russia,   9 272,   9 351,   8 174,   7 082,   6 615,   8 993,   12 544,   11 925,   10 605,   9 771,   8 480,   10 418,   10 074,   8 428,   5 390,   3 159,   3 486,   1 390,668,102,9
               Slovakia,284,283,283,263,291,365,410,437,458,404,347,362,362,333,237,162,100,57,19,3,0
               Ukraine,   2 114,   2 476,   2 404,   1 980,   2 146,   2 752,   3 585,   3 624,   3 337,   3 069,   2 803,   3 104,   2 928,   2 612,   1 769,   1 214,   1 187,412,188,27,2
            Northern Europe,   6 078,   6 347,   6 205,   5 806,   6 251,   7 063,   7 262,   7 045,   6 779,   6 855,   7 201,   7 051,   6 177,   5 483,   5 391,   3 924,   2 704,   1 654,757,201,24
               Channel Islands,9,9,8,9,10,11,12,12,12,13,14,12,11,9,8,6,4,3,1,0,0
               Denmark,309,297,337,339,374,402,355,317,361,377,422,388,346,309,351,235,147,78,36,10,1
               Estonia,69,74,75,62,58,88,102,92,89,96,76,89,86,84,53,54,44,23,10,2,0
               Finland,264,305,310,296,313,359,347,359,345,314,351,370,357,356,358,225,159,96,44,10,1
               Iceland,20,23,23,21,22,26,23,24,22,21,21,21,20,17,14,9,6,4,2,0,0
               Ireland,314,358,357,312,290,278,311,385,396,368,312,289,250,231,197,134,88,46,18,5,1
               Latvia,114,94,102,87,70,119,142,121,121,133,119,145,130,120,75,88,49,35,18,5,1
               Lithuania,145,156,121,122,134,183,186,151,161,195,185,236,187,166,108,115,83,56,26,6,1
               Norway,302,313,321,322,353,373,377,362,347,378,377,335,311,275,267,180,113,71,34,10,1
               Sweden,601,593,586,541,544,733,693,627,609,655,679,617,567,527,564,430,270,162,77,21,2
               United Kingdom,   3 924,   4 120,   3 956,   3 686,   4 075,   4 484,   4 707,   4 588,   4 308,   4 296,   4 635,   4 539,   3 905,   3 382,   3 388,   2 442,   1 737,   1 078,491,130,16
            Southern Europe,   6 306,   7 085,   7 714,   7 521,   7 778,   8 168,   8 839,   9 999,   11 418,   12 024,   11 719,   11 211,   9 861,   8 698,   7 870,   6 086,   4 936,   3 214,   1 395,341,35
               Albania,166,168,162,200,228,244,224,167,153,171,184,202,186,144,108,87,54,23,7,1,0
               Bosnia and Herzegovina,133,162,181,165,216,187,216,242,221,227,231,269,242,222,143,99,85,25,11,2,0
               Croatia,184,202,211,197,236,236,258,282,288,269,281,300,289,276,206,156,134,71,25,4,0
               Greece,409,472,542,527,529,528,598,739,780,794,796,709,677,581,549,407,394,261,105,23,3
               Italy,   2 325,   2 670,   2 857,   2 876,   2 943,   3 161,   3 366,   3 633,   4 189,   4 833,   4 908,   4 659,   3 954,   3 531,   3 392,   2 637,   2 302,   1 397,640,173,17
               Malta,22,21,20,21,25,30,33,32,31,28,25,28,30,28,28,17,12,7,3,1,0
               Montenegro,37,37,39,39,41,43,43,46,43,41,38,42,40,37,25,16,13,6,2,0,0
               North Macedonia,112,116,112,121,130,153,162,164,155,145,145,138,129,116,79,55,34,14,3,0,0
               Portugal,401,440,490,525,540,534,561,654,765,810,743,738,673,621,567,451,352,224,85,19,2
               Serbia,419,437,487,513,529,573,618,597,622,608,571,551,548,595,464,266,204,105,28,3,0
               Slovenia,101,109,105,92,96,109,134,150,158,147,151,150,146,139,98,80,59,37,14,3,0
               Spain,   1 990,   2 244,   2 498,   2 238,   2 256,   2 362,   2 619,   3 283,   4 001,   3 938,   3 632,   3 414,   2 939,   2 401,   2 204,   1 811,   1 288,   1 039,471,112,13
            Western Europe,   10 109,   10 188,   10 285,   10 579,   10 966,   11 515,   12 478,   12 576,   11 947,   12 741,   14 558,   14 518,   12 813,   11 178,   9 721,   7 597,   6 334,   3 740,   1 764,490,47
               Austria,448,426,424,452,509,607,620,623,566,613,713,694,582,451,407,383,260,142,67,17,1
               Belgium,634,669,671,641,658,728,746,758,752,767,795,803,736,634,556,384,321,217,95,24,2
               France,   3 620,   3 907,   3 996,   3 888,   3 697,   3 674,   3 942,   4 070,   3 943,   4 382,   4 363,   4 272,   3 973,   3 792,   3 524,   2 204,   1 812,   1 330,665,201,19
               Germany,   4 059,   3 822,   3 812,   4 119,   4 553,   4 824,   5 442,   5 430,   5 060,   5 184,   6 681,   6 807,   5 821,   4 823,   3 834,   3 638,   3 259,   1 635,758,204,19
               Luxembourg,33,33,31,34,40,46,49,49,47,48,48,43,35,27,22,16,12,8,3,1,0
               Netherlands,859,894,938,   1 016,   1 021,   1 077,   1 077,   1 020,   1 005,   1 147,   1 274,   1 250,   1 125,   1 005,952,639,438,262,107,27,3
               Switzerland,452,433,410,425,484,556,598,622,571,596,677,644,536,442,422,330,229,145,67,16,2
         Northern America,   21 676,   22 030,   23 080,   23 239,   24 630,   26 577,   25 687,   24 276,   22 765,   22 445,   23 011,   24 312,   23 241,   19 976,   16 153,   10 957,   7 278,   4 431,   2 304,696,106
            Canada,   1 993,   1 978,   1 983,   1 988,   2 363,   2 733,   2 626,   2 652,   2 463,   2 383,   2 423,   2 759,   2 563,   2 150,   1 793,   1 226,815,519,253,70,9
US,   19 676,   20 045,   21 089,   21 243,   22 259,   23 835,   23 052,   21 616,   20 295,   20 054,   20 578,   21 542,   20 669,   17 819,   14 355,   9 728,   6 461,   3 911,   2 051,627,97
Andorra,10,10000,10000,10000,10000,10000,10000,,,,,,,,,,,,,,
            Congo (Brazzaville),822,770,685,573,476,398,354,326,294,242,189,139,97,67,44,26,12,3,0,0,0
            Congo (Kinshasa),822,770,685,573,476,398,354,326,294,242,189,139,97,67,44,26,12,3,0,0,0
               Liechtenstein,33,33,31,34,40,46,49,49,47,48,48,43,35,27,22,16,12,8,3,1,0
               Monaco,33,33,31,34,40,46,49,49,47,48,48,43,35,27,22,16,12,8,3,1,0
Saint Kitts and Nevis,11,11,11,13,16,17,14,14,13,13,12,11,8,6,5,3,2,1,1,0,0
               San Marino,33,33,31,34,40,46,49,49,47,48,48,43,35,27,22,16,12,8,3,1,0
Diamond Princess,"0,016",0,"0,023",0,"0,347",0,"0,428",0,"0,334",0,"0,398",0,"0,923",0,"1,015",0,"0,216",0,0,0,0
